SKU,Price,Compare At Price,Last Synced,Status
MantleBeam3-1,20.00,,,Pending
MantleBeam3-2,20.00,,,Pending
MantleBeam3-3,20.00,,,Pending
MantleBeam3-4,20.00,,,Pending
MantleBeam3-5,20.00,,,Pending
MantleBeam3-6,20.00,,,Pending
MantleBeam3-7,20.00,,,Pending
MantleBeam3-8,20.00,,,Pending
MantleBeam3-9,20.00,,,Pending
MantleBeam3-10,20.00,,,Pending
MantleBeam3-11,20.00,,,Pending
MantleBeam3-12,20.00,,,Pending
MantleBeam3-13,20.00,,,Pending
MantleBeam3-14,20.00,,,Pending
MantleBeam3-15,20.00,,,Pending
MantleBeam3-16,20.00,,,Pending
MantleBeam3-17,20.00,,,Pending
MantleBeam3-18,20.00,,,Pending
MantleBeam3-19,20.00,,,Pending
MantleBeam3-20,20.00,,,Pending
MantleBeam3-21,20.00,,,Pending
MantleBeam3-22,20.00,,,Pending
MantleBeam3-23,20.00,,,Pending
MantleBeam3-24,20.00,,,Pending
MantleBeam3-25,20.00,,,Pending
MantleBeam3-26,20.00,,,Pending
MantleBeam3-27,20.00,,,Pending
MantleBeam3-28,20.00,,,Pending
MantleBeam3-29,20.00,,,Pending
MantleBeam3-30,20.00,,,Pending
MantleBeam3-31,20.00,,,Pending
MantleBeam3-32,20.00,,,Pending
MantleBeam3-33,20.00,,,Pending
MantleBeam3-34,20.00,,,Pending
MantleBeam3-35,20.00,,,Pending
MantleBeam3-36,20.00,,,Pending
MantleBeam3-37,20.00,,,Pending
MantleBeam3-38,20.00,,,Pending
MantleBeam3-39,20.00,,,Pending
MantleBeam3-40,20.00,,,Pending
MantleBeam3-41,20.00,,,Pending
MantleBeam3-42,20.00,,,Pending
MantleBeam3-43,20.00,,,Pending
MantleBeam3-44,20.00,,,Pending
MantleBeam3-45,20.00,,,Pending
MantleBeam3-46,20.00,,,Pending
MantleBeam3-47,20.00,,,Pending
MantleBeam3-48,20.00,,,Pending
MantleBeam3-49,20.00,,,Pending
MantleBeam3-50,20.00,,,Pending
MantleBeam3-51,20.00,,,Pending
MantleBeam3-52,20.00,,,Pending
MantleBeam3-53,20.00,,,Pending
MantleBeam3-54,20.00,,,Pending
MantleBeam3-55,20.00,,,Pending
MantleBeam3-56,20.00,,,Pending
MantleBeam3-57,20.00,,,Pending
MantleBeam3-58,20.00,,,Pending
MantleBeam3-59,20.00,,,Pending
MantleBeam3-60,20.00,,,Pending
MantleBeam3-61,20.00,,,Pending
MantleBeam3-62,20.00,,,Pending
MantleBeam3-63,20.00,,,Pending
MantleBeam3-64,20.00,,,Pending
MantleBeam3-65,20.00,,,Pending
MantleBeam3-66,20.00,,,Pending
MantleBeam3-67,20.00,,,Pending
MantleBeam3-68,20.00,,,Pending
MantleBeam3-69,20.00,,,Pending
MantleBeam3-70,20.00,,,Pending
MantleBeam3-71,20.00,,,Pending
MantleBeam3-72,20.00,,,Pending
MantleBeam3-73,20.00,,,Pending
MantleBeam3-74,20.00,,,Pending
MantleBeam3-75,20.00,,,Pending
MantleBeam3-76,20.00,,,Pending
MantleBeam3-77,20.00,,,Pending
MantleBeam3-78,20.00,,,Pending
MantleBeam3-79,20.00,,,Pending
MantleBeam3-80,20.00,,,Pending
MantleBeam3-81,20.00,,,Pending
MantleBeam3-82,20.00,,,Pending
MantleBeam3-83,20.00,,,Pending
MantleBeam3-84,20.00,,,Pending
MantleBeam3-85,20.00,,,Pending
MantleBeam3-86,20.00,,,Pending
MantleBeam3-87,20.00,,,Pending
MantleBeam3-88,20.00,,,Pending
MantleBeam3-89,20.00,,,Pending
MantleBeam3-90,20.00,,,Pending
MantleBeam3-91,20.00,,,Pending
MantleBeam3-92,20.00,,,Pending
MantleBeam3-93,20.00,,,Pending
MantleBeam3-94,20.00,,,Pending
MantleBeam3-95,20.00,,,Pending
MantleBeam3-96,20.00,,,Pending
MantleBeam3-97,20.00,,,Pending
MantleBeam3-98,20.00,,,Pending
MantleBeam3-99,20.00,,,Pending
MantleBeam3-100,20.00,,,Pending
CR3-1,20.00,,,Pending
CR3-2,20.00,,,Pending
CR3-3,20.00,,,Pending
CR3-4,20.00,,,Pending
CR3-5,20.00,,,Pending
CR3-6,20.00,,,Pending
CR3-7,20.00,,,Pending
CR3-8,20.00,,,Pending
CR3-9,20.00,,,Pending
CR3-10,20.00,,,Pending
CR3-11,20.00,,,Pending
CR3-12,20.00,,,Pending
CR3-13,20.00,,,Pending
CR3-14,20.00,,,Pending
CR3-15,20.00,,,Pending
CR3-16,20.00,,,Pending
CR3-17,20.00,,,Pending
CR3-18,20.00,,,Pending
CR3-19,20.00,,,Pending
CR3-20,20.00,,,Pending
CR3-21,20.00,,,Pending
CR3-22,20.00,,,Pending
CR3-23,20.00,,,Pending
CR3-24,20.00,,,Pending
CR3-25,20.00,,,Pending
CR3-26,20.00,,,Pending
CR3-27,20.00,,,Pending
CR3-28,20.00,,,Pending
CR3-29,20.00,,,Pending
CR3-30,20.00,,,Pending
CR3-31,20.00,,,Pending
CR3-32,20.00,,,Pending
CR3-33,20.00,,,Pending
CR3-34,20.00,,,Pending
CR3-35,20.00,,,Pending
CR3-36,20.00,,,Pending
CR3-37,20.00,,,Pending
CR3-38,20.00,,,Pending
CR3-39,20.00,,,Pending
CR3-40,20.00,,,Pending
CR3-41,20.00,,,Pending
CR3-42,20.00,,,Pending
CR3-43,20.00,,,Pending
CR3-44,20.00,,,Pending
CR3-45,20.00,,,Pending
CR3-46,20.00,,,Pending
CR3-47,20.00,,,Pending
CR3-48,20.00,,,Pending
CR3-49,20.00,,,Pending
CR3-50,20.00,,,Pending
CR3-51,20.00,,,Pending
CR3-52,20.00,,,Pending
CR3-53,20.00,,,Pending
CR3-54,20.00,,,Pending
CR3-55,20.00,,,Pending
CR3-56,20.00,,,Pending
CR3-57,20.00,,,Pending
CR3-58,20.00,,,Pending
CR3-59,20.00,,,Pending
CR3-60,20.00,,,Pending
CR3-61,20.00,,,Pending
CR3-62,20.00,,,Pending
CR3-63,20.00,,,Pending
CR3-64,20.00,,,Pending
CR3-65,20.00,,,Pending
CR3-66,20.00,,,Pending
CR3-67,20.00,,,Pending
CR3-68,20.00,,,Pending
CR3-69,20.00,,,Pending
CR3-70,20.00,,,Pending
CR3-71,20.00,,,Pending
CR3-72,20.00,,,Pending
CR3-73,20.00,,,Pending
CR3-74,20.00,,,Pending
CR3-75,20.00,,,Pending
CR3-76,20.00,,,Pending
CR3-77,20.00,,,Pending
CR3-78,20.00,,,Pending
CR3-79,20.00,,,Pending
CR3-80,20.00,,,Pending
CR3-81,20.00,,,Pending
CR3-82,20.00,,,Pending
CR3-83,20.00,,,Pending
CR3-84,20.00,,,Pending
CR3-85,20.00,,,Pending
CR3-86,20.00,,,Pending
CR3-87,20.00,,,Pending
CR3-88,20.00,,,Pending
CR3-89,20.00,,,Pending
CR3-90,20.00,,,Pending
CR3-91,20.00,,,Pending
CR3-92,20.00,,,Pending
CR3-93,20.00,,,Pending
CR3-94,20.00,,,Pending
CR3-95,20.00,,,Pending
CR3-96,20.00,,,Pending
CR3-97,20.00,,,Pending
CR3-98,20.00,,,Pending
CR3-99,20.00,,,Pending
CR3-100,20.00,,,Pending
CR7-1,20.00,,,Pending
CR7-2,20.00,,,Pending
CR7-3,20.00,,,Pending
CR7-4,20.00,,,Pending
CR7-5,20.00,,,Pending
CR7-6,20.00,,,Pending
CR7-7,20.00,,,Pending
CR7-8,20.00,,,Pending
CR7-9,20.00,,,Pending
CR7-10,20.00,,,Pending
CR7-11,20.00,,,Pending
CR7-12,20.00,,,Pending
CR7-13,20.00,,,Pending
CR7-14,20.00,,,Pending
CR7-15,20.00,,,Pending
CR7-16,20.00,,,Pending
CR7-17,20.00,,,Pending
CR7-18,20.00,,,Pending
CR7-19,20.00,,,Pending
CR7-20,20.00,,,Pending
CR7-21,20.00,,,Pending
CR7-22,20.00,,,Pending
CR7-23,20.00,,,Pending
CR7-24,20.00,,,Pending
CR7-25,20.00,,,Pending
CR7-26,20.00,,,Pending
CR7-27,20.00,,,Pending
CR7-28,20.00,,,Pending
CR7-29,20.00,,,Pending
CR7-30,20.00,,,Pending
CR7-31,20.00,,,Pending
CR7-32,20.00,,,Pending
CR7-33,20.00,,,Pending
CR7-34,20.00,,,Pending
CR7-35,20.00,,,Pending
CR7-36,20.00,,,Pending
CR7-37,20.00,,,Pending
CR7-38,20.00,,,Pending
CR7-39,20.00,,,Pending
CR7-40,20.00,,,Pending
CR7-41,20.00,,,Pending
CR7-42,20.00,,,Pending
CR7-43,20.00,,,Pending
CR7-44,20.00,,,Pending
CR7-45,20.00,,,Pending
CR7-46,20.00,,,Pending
CR7-47,20.00,,,Pending
CR7-48,20.00,,,Pending
CR7-49,20.00,,,Pending
CR7-50,20.00,,,Pending
CR7-51,20.00,,,Pending
CR7-52,20.00,,,Pending
CR7-53,20.00,,,Pending
CR7-54,20.00,,,Pending
CR7-55,20.00,,,Pending
CR7-56,20.00,,,Pending
CR7-57,20.00,,,Pending
CR7-58,20.00,,,Pending
CR7-59,20.00,,,Pending
CR7-60,20.00,,,Pending
CR7-61,20.00,,,Pending
CR7-62,20.00,,,Pending
CR7-63,20.00,,,Pending
CR7-64,20.00,,,Pending
CR7-65,20.00,,,Pending
CR7-66,20.00,,,Pending
CR7-67,20.00,,,Pending
CR7-68,20.00,,,Pending
CR7-69,20.00,,,Pending
CR7-70,20.00,,,Pending
CR7-71,20.00,,,Pending
CR7-72,20.00,,,Pending
CR7-73,20.00,,,Pending
CR7-74,20.00,,,Pending
CR7-75,20.00,,,Pending
CR7-76,20.00,,,Pending
CR7-77,20.00,,,Pending
CR7-78,20.00,,,Pending
CR7-79,20.00,,,Pending
CR7-80,20.00,,,Pending
CR7-81,20.00,,,Pending
CR7-82,20.00,,,Pending
CR7-83,20.00,,,Pending
CR7-84,20.00,,,Pending
CR7-85,20.00,,,Pending
CR7-86,20.00,,,Pending
CR7-87,20.00,,,Pending
CR7-88,20.00,,,Pending
CR7-89,20.00,,,Pending
CR7-90,20.00,,,Pending
CR7-91,20.00,,,Pending
CR7-92,20.00,,,Pending
CR7-93,20.00,,,Pending
CR7-94,20.00,,,Pending
CR7-95,20.00,,,Pending
CR7-96,20.00,,,Pending
CR7-97,20.00,,,Pending
CR7-98,20.00,,,Pending
CR7-99,20.00,,,Pending
CR7-100,20.00,,,Pending
CRB1-1,15.00,,,Pending
CRB1-2,15.00,,,Pending
CRB1-3,15.00,,,Pending
CRB1-4,15.00,,,Pending
CRB1-5,15.00,,,Pending
CRB1-6,15.00,,,Pending
CRB1-7,15.00,,,Pending
CRB1-8,15.00,,,Pending
CRB1-9,15.00,,,Pending
CRB1-10,15.00,,,Pending
CRB1-11,15.00,,,Pending
CRB1-12,15.00,,,Pending
CRB1-13,15.00,,,Pending
CRB1-14,15.00,,,Pending
CRB1-15,15.00,,,Pending
CRB1-16,15.00,,,Pending
CRB1-17,15.00,,,Pending
CRB1-18,15.00,,,Pending
CRB1-19,15.00,,,Pending
CRB1-20,15.00,,,Pending
CRB1-21,15.00,,,Pending
CRB1-22,15.00,,,Pending
CRB1-23,15.00,,,Pending
CRB1-24,15.00,,,Pending
CRB1-25,15.00,,,Pending
CRB1-26,15.00,,,Pending
CRB1-27,15.00,,,Pending
CRB1-28,15.00,,,Pending
CRB1-29,15.00,,,Pending
CRB1-30,15.00,,,Pending
CRB1-31,15.00,,,Pending
CRB1-32,15.00,,,Pending
CRB1-33,15.00,,,Pending
CRB1-34,15.00,,,Pending
CRB1-35,15.00,,,Pending
CRB1-36,15.00,,,Pending
CRB1-37,15.00,,,Pending
CRB1-38,15.00,,,Pending
CRB1-39,15.00,,,Pending
CRB1-40,15.00,,,Pending
CRB1-41,15.00,,,Pending
CRB1-42,15.00,,,Pending
CRB1-43,15.00,,,Pending
CRB1-44,15.00,,,Pending
CRB1-45,15.00,,,Pending
CRB1-46,15.00,,,Pending
CRB1-47,15.00,,,Pending
CRB1-48,15.00,,,Pending
CRB1-49,15.00,,,Pending
CRB1-50,15.00,,,Pending
CRB1-51,15.00,,,Pending
CRB1-52,15.00,,,Pending
CRB1-53,15.00,,,Pending
CRB1-54,15.00,,,Pending
CRB1-55,15.00,,,Pending
CRB1-56,15.00,,,Pending
CRB1-57,15.00,,,Pending
CRB1-58,15.00,,,Pending
CRB1-59,15.00,,,Pending
CRB1-60,15.00,,,Pending
CRB1-61,15.00,,,Pending
CRB1-62,15.00,,,Pending
CRB1-63,15.00,,,Pending
CRB1-64,15.00,,,Pending
CRB1-65,15.00,,,Pending
CRB1-66,15.00,,,Pending
CRB1-67,15.00,,,Pending
CRB1-68,15.00,,,Pending
CRB1-69,15.00,,,Pending
CRB1-70,15.00,,,Pending
CRB1-71,15.00,,,Pending
CRB1-72,15.00,,,Pending
CRB1-73,15.00,,,Pending
CRB1-74,15.00,,,Pending
CRB1-75,15.00,,,Pending
CRB1-76,15.00,,,Pending
CRB1-77,15.00,,,Pending
CRB1-78,15.00,,,Pending
CRB1-79,15.00,,,Pending
CRB1-80,15.00,,,Pending
CRB1-81,15.00,,,Pending
CRB1-82,15.00,,,Pending
CRB1-83,15.00,,,Pending
CRB1-84,15.00,,,Pending
CRB1-85,15.00,,,Pending
CRB1-86,15.00,,,Pending
CRB1-87,15.00,,,Pending
CRB1-88,15.00,,,Pending
CRB1-89,15.00,,,Pending
CRB1-90,15.00,,,Pending
CRB1-91,15.00,,,Pending
CRB1-92,15.00,,,Pending
CRB1-93,15.00,,,Pending
CRB1-94,15.00,,,Pending
CRB1-95,15.00,,,Pending
CRB1-96,15.00,,,Pending
CRB1-97,15.00,,,Pending
CRB1-98,15.00,,,Pending
CRB1-99,15.00,,,Pending
CRB1-100,15.00,,,Pending
CR9-1,20.00,,,Pending
CR9-2,20.00,,,Pending
CR9-3,20.00,,,Pending
CR9-4,20.00,,,Pending
CR9-5,20.00,,,Pending
CR9-6,20.00,,,Pending
CR9-7,20.00,,,Pending
CR9-8,20.00,,,Pending
CR9-9,20.00,,,Pending
CR9-10,20.00,,,Pending
CR9-11,20.00,,,Pending
CR9-12,20.00,,,Pending
CR9-13,20.00,,,Pending
CR9-14,20.00,,,Pending
CR9-15,20.00,,,Pending
CR9-16,20.00,,,Pending
CR9-17,20.00,,,Pending
CR9-18,20.00,,,Pending
CR9-19,20.00,,,Pending
CR9-20,20.00,,,Pending
CR9-21,20.00,,,Pending
CR9-22,20.00,,,Pending
CR9-23,20.00,,,Pending
CR9-24,20.00,,,Pending
CR9-25,20.00,,,Pending
CR9-26,20.00,,,Pending
CR9-27,20.00,,,Pending
CR9-28,20.00,,,Pending
CR9-29,20.00,,,Pending
CR9-30,20.00,,,Pending
CR9-31,20.00,,,Pending
CR9-32,20.00,,,Pending
CR9-33,20.00,,,Pending
CR9-34,20.00,,,Pending
CR9-35,20.00,,,Pending
CR9-36,20.00,,,Pending
CR9-37,20.00,,,Pending
CR9-38,20.00,,,Pending
CR9-39,20.00,,,Pending
CR9-40,20.00,,,Pending
CR9-41,20.00,,,Pending
CR9-42,20.00,,,Pending
CR9-43,20.00,,,Pending
CR9-44,20.00,,,Pending
CR9-45,20.00,,,Pending
CR9-46,20.00,,,Pending
CR9-47,20.00,,,Pending
CR9-48,20.00,,,Pending
CR9-49,20.00,,,Pending
CR9-50,20.00,,,Pending
CR9-51,20.00,,,Pending
CR9-52,20.00,,,Pending
CR9-53,20.00,,,Pending
CR9-54,20.00,,,Pending
CR9-55,20.00,,,Pending
CR9-56,20.00,,,Pending
CR9-57,20.00,,,Pending
CR9-58,20.00,,,Pending
CR9-59,20.00,,,Pending
CR9-60,20.00,,,Pending
CR9-61,20.00,,,Pending
CR9-62,20.00,,,Pending
CR9-63,20.00,,,Pending
CR9-64,20.00,,,Pending
CR9-65,20.00,,,Pending
CR9-66,20.00,,,Pending
CR9-67,20.00,,,Pending
CR9-68,20.00,,,Pending
CR9-69,20.00,,,Pending
CR9-70,20.00,,,Pending
CR9-71,20.00,,,Pending
CR9-72,20.00,,,Pending
CR9-73,20.00,,,Pending
CR9-74,20.00,,,Pending
CR9-75,20.00,,,Pending
CR9-76,20.00,,,Pending
CR9-77,20.00,,,Pending
CR9-78,20.00,,,Pending
CR9-79,20.00,,,Pending
CR9-80,20.00,,,Pending
CR9-81,20.00,,,Pending
CR9-82,20.00,,,Pending
CR9-83,20.00,,,Pending
CR9-84,20.00,,,Pending
CR9-85,20.00,,,Pending
CR9-86,20.00,,,Pending
CR9-87,20.00,,,Pending
CR9-88,20.00,,,Pending
CR9-89,20.00,,,Pending
CR9-90,20.00,,,Pending
CR9-91,20.00,,,Pending
CR9-92,20.00,,,Pending
CR9-93,20.00,,,Pending
CR9-94,20.00,,,Pending
CR9-95,20.00,,,Pending
CR9-96,20.00,,,Pending
CR9-97,20.00,,,Pending
CR9-98,20.00,,,Pending
CR9-99,20.00,,,Pending
CR9-100,20.00,,,Pending
CR1-1,20.00,,,Pending
CR1-2,20.00,,,Pending
CR1-3,20.00,,,Pending
CR1-4,20.00,,,Pending
CR1-5,20.00,,,Pending
CR1-6,20.00,,,Pending
CR1-7,20.00,,,Pending
CR1-8,20.00,,,Pending
CR1-9,20.00,,,Pending
CR1-10,20.00,,,Pending
CR1-11,20.00,,,Pending
CR1-12,20.00,,,Pending
CR1-13,20.00,,,Pending
CR1-14,20.00,,,Pending
CR1-15,20.00,,,Pending
CR1-16,20.00,,,Pending
CR1-17,20.00,,,Pending
CR1-18,20.00,,,Pending
CR1-19,20.00,,,Pending
CR1-20,20.00,,,Pending
CR1-21,20.00,,,Pending
CR1-22,20.00,,,Pending
CR1-23,20.00,,,Pending
CR1-24,20.00,,,Pending
CR1-25,20.00,,,Pending
CR1-26,20.00,,,Pending
CR1-27,20.00,,,Pending
CR1-28,20.00,,,Pending
CR1-29,20.00,,,Pending
CR1-30,20.00,,,Pending
CR1-31,20.00,,,Pending
CR1-32,20.00,,,Pending
CR1-33,20.00,,,Pending
CR1-34,20.00,,,Pending
CR1-35,20.00,,,Pending
CR1-36,20.00,,,Pending
CR1-37,20.00,,,Pending
CR1-38,20.00,,,Pending
CR1-39,20.00,,,Pending
CR1-40,20.00,,,Pending
CR1-41,20.00,,,Pending
CR1-42,20.00,,,Pending
CR1-43,20.00,,,Pending
CR1-44,20.00,,,Pending
CR1-45,20.00,,,Pending
CR1-46,20.00,,,Pending
CR1-47,20.00,,,Pending
CR1-48,20.00,,,Pending
CR1-49,20.00,,,Pending
CR1-50,20.00,,,Pending
CR1-51,20.00,,,Pending
CR1-52,20.00,,,Pending
CR1-53,20.00,,,Pending
CR1-54,20.00,,,Pending
CR1-55,20.00,,,Pending
CR1-56,20.00,,,Pending
CR1-57,20.00,,,Pending
CR1-58,20.00,,,Pending
CR1-59,20.00,,,Pending
CR1-60,20.00,,,Pending
CR1-61,20.00,,,Pending
CR1-62,20.00,,,Pending
CR1-63,20.00,,,Pending
CR1-64,20.00,,,Pending
CR1-65,20.00,,,Pending
CR1-66,20.00,,,Pending
CR1-67,20.00,,,Pending
CR1-68,20.00,,,Pending
CR1-69,20.00,,,Pending
CR1-70,20.00,,,Pending
CR1-71,20.00,,,Pending
CR1-72,20.00,,,Pending
CR1-73,20.00,,,Pending
CR1-74,20.00,,,Pending
CR1-75,20.00,,,Pending
CR1-76,20.00,,,Pending
CR1-77,20.00,,,Pending
CR1-78,20.00,,,Pending
CR1-79,20.00,,,Pending
CR1-80,20.00,,,Pending
CR1-81,20.00,,,Pending
CR1-82,20.00,,,Pending
CR1-83,20.00,,,Pending
CR1-84,20.00,,,Pending
CR1-85,20.00,,,Pending
CR1-86,20.00,,,Pending
CR1-87,20.00,,,Pending
CR1-88,20.00,,,Pending
CR1-89,20.00,,,Pending
CR1-90,20.00,,,Pending
CR1-91,20.00,,,Pending
CR1-92,20.00,,,Pending
CR1-93,20.00,,,Pending
CR1-94,20.00,,,Pending
CR1-95,20.00,,,Pending
CR1-96,20.00,,,Pending
CR1-97,20.00,,,Pending
CR1-98,20.00,,,Pending
CR1-99,20.00,,,Pending
CR1-100,20.00,,,Pending
CR5-1,20.00,,,Pending
CR5-2,20.00,,,Pending
CR5-3,20.00,,,Pending
CR5-4,20.00,,,Pending
CR5-5,20.00,,,Pending
CR5-6,20.00,,,Pending
CR5-7,20.00,,,Pending
CR5-8,20.00,,,Pending
CR5-9,20.00,,,Pending
CR5-10,20.00,,,Pending
CR5-11,20.00,,,Pending
CR5-12,20.00,,,Pending
CR5-13,20.00,,,Pending
CR5-14,20.00,,,Pending
CR5-15,20.00,,,Pending
CR5-16,20.00,,,Pending
CR5-17,20.00,,,Pending
CR5-18,20.00,,,Pending
CR5-19,20.00,,,Pending
CR5-20,20.00,,,Pending
CR5-21,20.00,,,Pending
CR5-22,20.00,,,Pending
CR5-23,20.00,,,Pending
CR5-24,20.00,,,Pending
CR5-25,20.00,,,Pending
CR5-26,20.00,,,Pending
CR5-27,20.00,,,Pending
CR5-28,20.00,,,Pending
CR5-29,20.00,,,Pending
CR5-30,20.00,,,Pending
CR5-31,20.00,,,Pending
CR5-32,20.00,,,Pending
CR5-33,20.00,,,Pending
CR5-34,20.00,,,Pending
CR5-35,20.00,,,Pending
CR5-36,20.00,,,Pending
CR5-37,20.00,,,Pending
CR5-38,20.00,,,Pending
CR5-39,20.00,,,Pending
CR5-40,20.00,,,Pending
CR5-41,20.00,,,Pending
CR5-42,20.00,,,Pending
CR5-43,20.00,,,Pending
CR5-44,20.00,,,Pending
CR5-45,20.00,,,Pending
CR5-46,20.00,,,Pending
CR5-47,20.00,,,Pending
CR5-48,20.00,,,Pending
CR5-49,20.00,,,Pending
CR5-50,20.00,,,Pending
CR5-51,20.00,,,Pending
CR5-52,20.00,,,Pending
CR5-53,20.00,,,Pending
CR5-54,20.00,,,Pending
CR5-55,20.00,,,Pending
CR5-56,20.00,,,Pending
CR5-57,20.00,,,Pending
CR5-58,20.00,,,Pending
CR5-59,20.00,,,Pending
CR5-60,20.00,,,Pending
CR5-61,20.00,,,Pending
CR5-62,20.00,,,Pending
CR5-63,20.00,,,Pending
CR5-64,20.00,,,Pending
CR5-65,20.00,,,Pending
CR5-66,20.00,,,Pending
CR5-67,20.00,,,Pending
CR5-68,20.00,,,Pending
CR5-69,20.00,,,Pending
CR5-70,20.00,,,Pending
CR5-71,20.00,,,Pending
CR5-72,20.00,,,Pending
CR5-73,20.00,,,Pending
CR5-74,20.00,,,Pending
CR5-75,20.00,,,Pending
CR5-76,20.00,,,Pending
CR5-77,20.00,,,Pending
CR5-78,20.00,,,Pending
CR5-79,20.00,,,Pending
CR5-80,20.00,,,Pending
CR5-81,20.00,,,Pending
CR5-82,20.00,,,Pending
CR5-83,20.00,,,Pending
CR5-84,20.00,,,Pending
CR5-85,20.00,,,Pending
CR5-86,20.00,,,Pending
CR5-87,20.00,,,Pending
CR5-88,20.00,,,Pending
CR5-89,20.00,,,Pending
CR5-90,20.00,,,Pending
CR5-91,20.00,,,Pending
CR5-92,20.00,,,Pending
CR5-93,20.00,,,Pending
CR5-94,20.00,,,Pending
CR5-95,20.00,,,Pending
CR5-96,20.00,,,Pending
CR5-97,20.00,,,Pending
CR5-98,20.00,,,Pending
CR5-99,20.00,,,Pending
CR5-100,20.00,,,Pending
CR8-1,20.00,,,Pending
CR8-2,20.00,,,Pending
CR8-3,20.00,,,Pending
CR8-4,20.00,,,Pending
CR8-5,20.00,,,Pending
CR8-6,20.00,,,Pending
CR8-7,20.00,,,Pending
CR8-8,20.00,,,Pending
CR8-9,20.00,,,Pending
CR8-10,20.00,,,Pending
CR8-11,20.00,,,Pending
CR8-12,20.00,,,Pending
CR8-13,20.00,,,Pending
CR8-14,20.00,,,Pending
CR8-15,20.00,,,Pending
CR8-16,20.00,,,Pending
CR8-17,20.00,,,Pending
CR8-18,20.00,,,Pending
CR8-19,20.00,,,Pending
CR8-20,20.00,,,Pending
CR8-21,20.00,,,Pending
CR8-22,20.00,,,Pending
CR8-23,20.00,,,Pending
CR8-24,20.00,,,Pending
CR8-25,20.00,,,Pending
CR8-26,20.00,,,Pending
CR8-27,20.00,,,Pending
CR8-28,20.00,,,Pending
CR8-29,20.00,,,Pending
CR8-30,20.00,,,Pending
CR8-31,20.00,,,Pending
CR8-32,20.00,,,Pending
CR8-33,20.00,,,Pending
CR8-34,20.00,,,Pending
CR8-35,20.00,,,Pending
CR8-36,20.00,,,Pending
CR8-37,20.00,,,Pending
CR8-38,20.00,,,Pending
CR8-39,20.00,,,Pending
CR8-40,20.00,,,Pending
CR8-41,20.00,,,Pending
CR8-42,20.00,,,Pending
CR8-43,20.00,,,Pending
CR8-44,20.00,,,Pending
CR8-45,20.00,,,Pending
CR8-46,20.00,,,Pending
CR8-47,20.00,,,Pending
CR8-48,20.00,,,Pending
CR8-49,20.00,,,Pending
CR8-50,20.00,,,Pending
CR8-51,20.00,,,Pending
CR8-52,20.00,,,Pending
CR8-53,20.00,,,Pending
CR8-54,20.00,,,Pending
CR8-55,20.00,,,Pending
CR8-56,20.00,,,Pending
CR8-57,20.00,,,Pending
CR8-58,20.00,,,Pending
CR8-59,20.00,,,Pending
CR8-60,20.00,,,Pending
CR8-61,20.00,,,Pending
CR8-62,20.00,,,Pending
CR8-63,20.00,,,Pending
CR8-64,20.00,,,Pending
CR8-65,20.00,,,Pending
CR8-66,20.00,,,Pending
CR8-67,20.00,,,Pending
CR8-68,20.00,,,Pending
CR8-69,20.00,,,Pending
CR8-70,20.00,,,Pending
CR8-71,20.00,,,Pending
CR8-72,20.00,,,Pending
CR8-73,20.00,,,Pending
CR8-74,20.00,,,Pending
CR8-75,20.00,,,Pending
CR8-76,20.00,,,Pending
CR8-77,20.00,,,Pending
CR8-78,20.00,,,Pending
CR8-79,20.00,,,Pending
CR8-80,20.00,,,Pending
CR8-81,20.00,,,Pending
CR8-82,20.00,,,Pending
CR8-83,20.00,,,Pending
CR8-84,20.00,,,Pending
CR8-85,20.00,,,Pending
CR8-86,20.00,,,Pending
CR8-87,20.00,,,Pending
CR8-88,20.00,,,Pending
CR8-89,20.00,,,Pending
CR8-90,20.00,,,Pending
CR8-91,20.00,,,Pending
CR8-92,20.00,,,Pending
CR8-93,20.00,,,Pending
CR8-94,20.00,,,Pending
CR8-95,20.00,,,Pending
CR8-96,20.00,,,Pending
CR8-97,20.00,,,Pending
CR8-98,20.00,,,Pending
CR8-99,20.00,,,Pending
CR8-100,20.00,,,Pending
CRDouble1-1,20.00,,,Pending
CRDouble1-2,20.00,,,Pending
CRDouble1-3,20.00,,,Pending
CRDouble1-4,20.00,,,Pending
CRDouble1-5,20.00,,,Pending
CRDouble1-6,20.00,,,Pending
CRDouble1-7,20.00,,,Pending
CRDouble1-8,20.00,,,Pending
CRDouble1-9,20.00,,,Pending
CRDouble1-10,20.00,,,Pending
CRDouble1-11,20.00,,,Pending
CRDouble1-12,20.00,,,Pending
CRDouble1-13,20.00,,,Pending
CRDouble1-14,20.00,,,Pending
CRDouble1-15,20.00,,,Pending
CRDouble1-16,20.00,,,Pending
CRDouble1-17,20.00,,,Pending
CRDouble1-18,20.00,,,Pending
CRDouble1-19,20.00,,,Pending
CRDouble1-20,20.00,,,Pending
CRDouble1-21,20.00,,,Pending
CRDouble1-22,20.00,,,Pending
CRDouble1-23,20.00,,,Pending
CRDouble1-24,20.00,,,Pending
CRDouble1-25,20.00,,,Pending
CRDouble1-26,20.00,,,Pending
CRDouble1-27,20.00,,,Pending
CRDouble1-28,20.00,,,Pending
CRDouble1-29,20.00,,,Pending
CRDouble1-30,20.00,,,Pending
CRDouble1-31,20.00,,,Pending
CRDouble1-32,20.00,,,Pending
CRDouble1-33,20.00,,,Pending
CRDouble1-34,20.00,,,Pending
CRDouble1-35,20.00,,,Pending
CRDouble1-36,20.00,,,Pending
CRDouble1-37,20.00,,,Pending
CRDouble1-38,20.00,,,Pending
CRDouble1-39,20.00,,,Pending
CRDouble1-40,20.00,,,Pending
CRDouble1-41,20.00,,,Pending
CRDouble1-42,20.00,,,Pending
CRDouble1-43,20.00,,,Pending
CRDouble1-44,20.00,,,Pending
CRDouble1-45,20.00,,,Pending
CRDouble1-46,20.00,,,Pending
CRDouble1-47,20.00,,,Pending
CRDouble1-48,20.00,,,Pending
CRDouble1-49,20.00,,,Pending
CRDouble1-50,20.00,,,Pending
CRDouble1-51,20.00,,,Pending
CRDouble1-52,20.00,,,Pending
CRDouble1-53,20.00,,,Pending
CRDouble1-54,20.00,,,Pending
CRDouble1-55,20.00,,,Pending
CRDouble1-56,20.00,,,Pending
CRDouble1-57,20.00,,,Pending
CRDouble1-58,20.00,,,Pending
CRDouble1-59,20.00,,,Pending
CRDouble1-60,20.00,,,Pending
CRDouble1-61,20.00,,,Pending
CRDouble1-62,20.00,,,Pending
CRDouble1-63,20.00,,,Pending
CRDouble1-64,20.00,,,Pending
CRDouble1-65,20.00,,,Pending
CRDouble1-66,20.00,,,Pending
CRDouble1-67,20.00,,,Pending
CRDouble1-68,20.00,,,Pending
CRDouble1-69,20.00,,,Pending
CRDouble1-70,20.00,,,Pending
CRDouble1-71,20.00,,,Pending
CRDouble1-72,20.00,,,Pending
CRDouble1-73,20.00,,,Pending
CRDouble1-74,20.00,,,Pending
CRDouble1-75,20.00,,,Pending
CRDouble1-76,20.00,,,Pending
CRDouble1-77,20.00,,,Pending
CRDouble1-78,20.00,,,Pending
CRDouble1-79,20.00,,,Pending
CRDouble1-80,20.00,,,Pending
CRDouble1-81,20.00,,,Pending
CRDouble1-82,20.00,,,Pending
CRDouble1-83,20.00,,,Pending
CRDouble1-84,20.00,,,Pending
CRDouble1-85,20.00,,,Pending
CRDouble1-86,20.00,,,Pending
CRDouble1-87,20.00,,,Pending
CRDouble1-88,20.00,,,Pending
CRDouble1-89,20.00,,,Pending
CRDouble1-90,20.00,,,Pending
CRDouble1-91,20.00,,,Pending
CRDouble1-92,20.00,,,Pending
CRDouble1-93,20.00,,,Pending
CRDouble1-94,20.00,,,Pending
CRDouble1-95,20.00,,,Pending
CRDouble1-96,20.00,,,Pending
CRDouble1-97,20.00,,,Pending
CRDouble1-98,20.00,,,Pending
CRDouble1-99,20.00,,,Pending
CRDouble1-100,20.00,,,Pending
MantleBeam6-1,20.00,,,Pending
MantleBeam6-2,20.00,,,Pending
MantleBeam6-3,20.00,,,Pending
MantleBeam6-4,20.00,,,Pending
MantleBeam6-5,20.00,,,Pending
MantleBeam6-6,20.00,,,Pending
MantleBeam6-7,20.00,,,Pending
MantleBeam6-8,20.00,,,Pending
MantleBeam6-9,20.00,,,Pending
MantleBeam6-10,20.00,,,Pending
MantleBeam6-11,20.00,,,Pending
MantleBeam6-12,20.00,,,Pending
MantleBeam6-13,20.00,,,Pending
MantleBeam6-14,20.00,,,Pending
MantleBeam6-15,20.00,,,Pending
MantleBeam6-16,20.00,,,Pending
MantleBeam6-17,20.00,,,Pending
MantleBeam6-18,20.00,,,Pending
MantleBeam6-19,20.00,,,Pending
MantleBeam6-20,20.00,,,Pending
MantleBeam6-21,20.00,,,Pending
MantleBeam6-22,20.00,,,Pending
MantleBeam6-23,20.00,,,Pending
MantleBeam6-24,20.00,,,Pending
MantleBeam6-25,20.00,,,Pending
MantleBeam6-26,20.00,,,Pending
MantleBeam6-27,20.00,,,Pending
MantleBeam6-28,20.00,,,Pending
MantleBeam6-29,20.00,,,Pending
MantleBeam6-30,20.00,,,Pending
MantleBeam6-31,20.00,,,Pending
MantleBeam6-32,20.00,,,Pending
MantleBeam6-33,20.00,,,Pending
MantleBeam6-34,20.00,,,Pending
MantleBeam6-35,20.00,,,Pending
MantleBeam6-36,20.00,,,Pending
MantleBeam6-37,20.00,,,Pending
MantleBeam6-38,20.00,,,Pending
MantleBeam6-39,20.00,,,Pending
MantleBeam6-40,20.00,,,Pending
MantleBeam6-41,20.00,,,Pending
MantleBeam6-42,20.00,,,Pending
MantleBeam6-43,20.00,,,Pending
MantleBeam6-44,20.00,,,Pending
MantleBeam6-45,20.00,,,Pending
MantleBeam6-46,20.00,,,Pending
MantleBeam6-47,20.00,,,Pending
MantleBeam6-48,20.00,,,Pending
MantleBeam6-49,20.00,,,Pending
MantleBeam6-50,20.00,,,Pending
MantleBeam6-51,20.00,,,Pending
MantleBeam6-52,20.00,,,Pending
MantleBeam6-53,20.00,,,Pending
MantleBeam6-54,20.00,,,Pending
MantleBeam6-55,20.00,,,Pending
MantleBeam6-56,20.00,,,Pending
MantleBeam6-57,20.00,,,Pending
MantleBeam6-58,20.00,,,Pending
MantleBeam6-59,20.00,,,Pending
MantleBeam6-60,20.00,,,Pending
MantleBeam6-61,20.00,,,Pending
MantleBeam6-62,20.00,,,Pending
MantleBeam6-63,20.00,,,Pending
MantleBeam6-64,20.00,,,Pending
MantleBeam6-65,20.00,,,Pending
MantleBeam6-66,20.00,,,Pending
MantleBeam6-67,20.00,,,Pending
MantleBeam6-68,20.00,,,Pending
MantleBeam6-69,20.00,,,Pending
MantleBeam6-70,20.00,,,Pending
MantleBeam6-71,20.00,,,Pending
MantleBeam6-72,20.00,,,Pending
MantleBeam6-73,20.00,,,Pending
MantleBeam6-74,20.00,,,Pending
MantleBeam6-75,20.00,,,Pending
MantleBeam6-76,20.00,,,Pending
MantleBeam6-77,20.00,,,Pending
MantleBeam6-78,20.00,,,Pending
MantleBeam6-79,20.00,,,Pending
MantleBeam6-80,20.00,,,Pending
MantleBeam6-81,20.00,,,Pending
MantleBeam6-82,20.00,,,Pending
MantleBeam6-83,20.00,,,Pending
MantleBeam6-84,20.00,,,Pending
MantleBeam6-85,20.00,,,Pending
MantleBeam6-86,20.00,,,Pending
MantleBeam6-87,20.00,,,Pending
MantleBeam6-88,20.00,,,Pending
MantleBeam6-89,20.00,,,Pending
MantleBeam6-90,20.00,,,Pending
MantleBeam6-91,20.00,,,Pending
MantleBeam6-92,20.00,,,Pending
MantleBeam6-93,20.00,,,Pending
MantleBeam6-94,20.00,,,Pending
MantleBeam6-95,20.00,,,Pending
MantleBeam6-96,20.00,,,Pending
MantleBeam6-97,20.00,,,Pending
MantleBeam6-98,20.00,,,Pending
MantleBeam6-99,20.00,,,Pending
MantleBeam6-100,20.00,,,Pending
MantleBeam5Old-1,20.00,,,Pending
MantleBeam5Old-2,20.00,,,Pending
MantleBeam5Old-3,20.00,,,Pending
MantleBeam5Old-4,20.00,,,Pending
MantleBeam5Old-5,20.00,,,Pending
MantleBeam5Old-6,20.00,,,Pending
MantleBeam5Old-7,20.00,,,Pending
MantleBeam5Old-8,20.00,,,Pending
MantleBeam5Old-9,20.00,,,Pending
MantleBeam5Old-10,20.00,,,Pending
MantleBeam5Old-11,20.00,,,Pending
MantleBeam5Old-12,20.00,,,Pending
MantleBeam5Old-13,20.00,,,Pending
MantleBeam5Old-14,20.00,,,Pending
MantleBeam5Old-15,20.00,,,Pending
MantleBeam5Old-16,20.00,,,Pending
MantleBeam5Old-17,20.00,,,Pending
MantleBeam5Old-18,20.00,,,Pending
MantleBeam5Old-19,20.00,,,Pending
MantleBeam5Old-20,20.00,,,Pending
MantleBeam5Old-21,20.00,,,Pending
MantleBeam5Old-22,20.00,,,Pending
MantleBeam5Old-23,20.00,,,Pending
MantleBeam5Old-24,20.00,,,Pending
MantleBeam5Old-25,20.00,,,Pending
MantleBeam5Old-26,20.00,,,Pending
MantleBeam5Old-27,20.00,,,Pending
MantleBeam5Old-28,20.00,,,Pending
MantleBeam5Old-29,20.00,,,Pending
MantleBeam5Old-30,20.00,,,Pending
MantleBeam5Old-31,20.00,,,Pending
MantleBeam5Old-32,20.00,,,Pending
MantleBeam5Old-33,20.00,,,Pending
MantleBeam5Old-34,20.00,,,Pending
MantleBeam5Old-35,20.00,,,Pending
MantleBeam5Old-36,20.00,,,Pending
MantleBeam5Old-37,20.00,,,Pending
MantleBeam5Old-38,20.00,,,Pending
MantleBeam5Old-39,20.00,,,Pending
MantleBeam5Old-40,20.00,,,Pending
MantleBeam5Old-41,20.00,,,Pending
MantleBeam5Old-42,20.00,,,Pending
MantleBeam5Old-43,20.00,,,Pending
MantleBeam5Old-44,20.00,,,Pending
MantleBeam5Old-45,20.00,,,Pending
MantleBeam5Old-46,20.00,,,Pending
MantleBeam5Old-47,20.00,,,Pending
MantleBeam5Old-48,20.00,,,Pending
MantleBeam5Old-49,20.00,,,Pending
MantleBeam5Old-50,20.00,,,Pending
MantleBeam5Old-51,20.00,,,Pending
MantleBeam5Old-52,20.00,,,Pending
MantleBeam5Old-53,20.00,,,Pending
MantleBeam5Old-54,20.00,,,Pending
MantleBeam5Old-55,20.00,,,Pending
MantleBeam5Old-56,20.00,,,Pending
MantleBeam5Old-57,20.00,,,Pending
MantleBeam5Old-58,20.00,,,Pending
MantleBeam5Old-59,20.00,,,Pending
MantleBeam5Old-60,20.00,,,Pending
MantleBeam5Old-61,20.00,,,Pending
MantleBeam5Old-62,20.00,,,Pending
MantleBeam5Old-63,20.00,,,Pending
MantleBeam5Old-64,20.00,,,Pending
MantleBeam5Old-65,20.00,,,Pending
MantleBeam5Old-66,20.00,,,Pending
MantleBeam5Old-67,20.00,,,Pending
MantleBeam5Old-68,20.00,,,Pending
MantleBeam5Old-69,20.00,,,Pending
MantleBeam5Old-70,20.00,,,Pending
MantleBeam5Old-71,20.00,,,Pending
MantleBeam5Old-72,20.00,,,Pending
MantleBeam5Old-73,20.00,,,Pending
MantleBeam5Old-74,20.00,,,Pending
MantleBeam5Old-75,20.00,,,Pending
MantleBeam5Old-76,20.00,,,Pending
MantleBeam5Old-77,20.00,,,Pending
MantleBeam5Old-78,20.00,,,Pending
MantleBeam5Old-79,20.00,,,Pending
MantleBeam5Old-80,20.00,,,Pending
MantleBeam5Old-81,20.00,,,Pending
MantleBeam5Old-82,20.00,,,Pending
MantleBeam5Old-83,20.00,,,Pending
MantleBeam5Old-84,20.00,,,Pending
MantleBeam5Old-85,20.00,,,Pending
MantleBeam5Old-86,20.00,,,Pending
MantleBeam5Old-87,20.00,,,Pending
MantleBeam5Old-88,20.00,,,Pending
MantleBeam5Old-89,20.00,,,Pending
MantleBeam5Old-90,20.00,,,Pending
MantleBeam5Old-91,20.00,,,Pending
MantleBeam5Old-92,20.00,,,Pending
MantleBeam5Old-93,20.00,,,Pending
MantleBeam5Old-94,20.00,,,Pending
MantleBeam5Old-95,20.00,,,Pending
MantleBeam5Old-96,20.00,,,Pending
MantleBeam5Old-97,20.00,,,Pending
MantleBeam5Old-98,20.00,,,Pending
MantleBeam5Old-99,20.00,,,Pending
MantleBeam5Old-100,20.00,,,Pending
CRDouble2-1,20.00,,,Pending
CRDouble2-2,20.00,,,Pending
CRDouble2-3,20.00,,,Pending
CRDouble2-4,20.00,,,Pending
CRDouble2-5,20.00,,,Pending
CRDouble2-6,20.00,,,Pending
CRDouble2-7,20.00,,,Pending
CRDouble2-8,20.00,,,Pending
CRDouble2-9,20.00,,,Pending
CRDouble2-10,20.00,,,Pending
CRDouble2-11,20.00,,,Pending
CRDouble2-12,20.00,,,Pending
CRDouble2-13,20.00,,,Pending
CRDouble2-14,20.00,,,Pending
CRDouble2-15,20.00,,,Pending
CRDouble2-16,20.00,,,Pending
CRDouble2-17,20.00,,,Pending
CRDouble2-18,20.00,,,Pending
CRDouble2-19,20.00,,,Pending
CRDouble2-20,20.00,,,Pending
CRDouble2-21,20.00,,,Pending
CRDouble2-22,20.00,,,Pending
CRDouble2-23,20.00,,,Pending
CRDouble2-24,20.00,,,Pending
CRDouble2-25,20.00,,,Pending
CRDouble2-26,20.00,,,Pending
CRDouble2-27,20.00,,,Pending
CRDouble2-28,20.00,,,Pending
CRDouble2-29,20.00,,,Pending
CRDouble2-30,20.00,,,Pending
CRDouble2-31,20.00,,,Pending
CRDouble2-32,20.00,,,Pending
CRDouble2-33,20.00,,,Pending
CRDouble2-34,20.00,,,Pending
CRDouble2-35,20.00,,,Pending
CRDouble2-36,20.00,,,Pending
CRDouble2-37,20.00,,,Pending
CRDouble2-38,20.00,,,Pending
CRDouble2-39,20.00,,,Pending
CRDouble2-40,20.00,,,Pending
CRDouble2-41,20.00,,,Pending
CRDouble2-42,20.00,,,Pending
CRDouble2-43,20.00,,,Pending
CRDouble2-44,20.00,,,Pending
CRDouble2-45,20.00,,,Pending
CRDouble2-46,20.00,,,Pending
CRDouble2-47,20.00,,,Pending
CRDouble2-48,20.00,,,Pending
CRDouble2-49,20.00,,,Pending
CRDouble2-50,20.00,,,Pending
CRDouble2-51,20.00,,,Pending
CRDouble2-52,20.00,,,Pending
CRDouble2-53,20.00,,,Pending
CRDouble2-54,20.00,,,Pending
CRDouble2-55,20.00,,,Pending
CRDouble2-56,20.00,,,Pending
CRDouble2-57,20.00,,,Pending
CRDouble2-58,20.00,,,Pending
CRDouble2-59,20.00,,,Pending
CRDouble2-60,20.00,,,Pending
CRDouble2-61,20.00,,,Pending
CRDouble2-62,20.00,,,Pending
CRDouble2-63,20.00,,,Pending
CRDouble2-64,20.00,,,Pending
CRDouble2-65,20.00,,,Pending
CRDouble2-66,20.00,,,Pending
CRDouble2-67,20.00,,,Pending
CRDouble2-68,20.00,,,Pending
CRDouble2-69,20.00,,,Pending
CRDouble2-70,20.00,,,Pending
CRDouble2-71,20.00,,,Pending
CRDouble2-72,20.00,,,Pending
CRDouble2-73,20.00,,,Pending
CRDouble2-74,20.00,,,Pending
CRDouble2-75,20.00,,,Pending
CRDouble2-76,20.00,,,Pending
CRDouble2-77,20.00,,,Pending
CRDouble2-78,20.00,,,Pending
CRDouble2-79,20.00,,,Pending
CRDouble2-80,20.00,,,Pending
CRDouble2-81,20.00,,,Pending
CRDouble2-82,20.00,,,Pending
CRDouble2-83,20.00,,,Pending
CRDouble2-84,20.00,,,Pending
CRDouble2-85,20.00,,,Pending
CRDouble2-86,20.00,,,Pending
CRDouble2-87,20.00,,,Pending
CRDouble2-88,20.00,,,Pending
CRDouble2-89,20.00,,,Pending
CRDouble2-90,20.00,,,Pending
CRDouble2-91,20.00,,,Pending
CRDouble2-92,20.00,,,Pending
CRDouble2-93,20.00,,,Pending
CRDouble2-94,20.00,,,Pending
CRDouble2-95,20.00,,,Pending
CRDouble2-96,20.00,,,Pending
CRDouble2-97,20.00,,,Pending
CRDouble2-98,20.00,,,Pending
CRDouble2-99,20.00,,,Pending
CRDouble2-100,20.00,,,Pending
CR4-1,20.00,,,Pending
CR4-2,20.00,,,Pending
CR4-3,20.00,,,Pending
CR4-4,20.00,,,Pending
CR4-5,20.00,,,Pending
CR4-6,20.00,,,Pending
CR4-7,20.00,,,Pending
CR4-8,20.00,,,Pending
CR4-9,20.00,,,Pending
CR4-10,20.00,,,Pending
CR4-11,20.00,,,Pending
CR4-12,20.00,,,Pending
CR4-13,20.00,,,Pending
CR4-14,20.00,,,Pending
CR4-15,20.00,,,Pending
CR4-16,20.00,,,Pending
CR4-17,20.00,,,Pending
CR4-18,20.00,,,Pending
CR4-19,20.00,,,Pending
CR4-20,20.00,,,Pending
CR4-21,20.00,,,Pending
CR4-22,20.00,,,Pending
CR4-23,20.00,,,Pending
CR4-24,20.00,,,Pending
CR4-25,20.00,,,Pending
CR4-26,20.00,,,Pending
CR4-27,20.00,,,Pending
CR4-28,20.00,,,Pending
CR4-29,20.00,,,Pending
CR4-30,20.00,,,Pending
CR4-31,20.00,,,Pending
CR4-32,20.00,,,Pending
CR4-33,20.00,,,Pending
CR4-34,20.00,,,Pending
CR4-35,20.00,,,Pending
CR4-36,20.00,,,Pending
CR4-37,20.00,,,Pending
CR4-38,20.00,,,Pending
CR4-39,20.00,,,Pending
CR4-40,20.00,,,Pending
CR4-41,20.00,,,Pending
CR4-42,20.00,,,Pending
CR4-43,20.00,,,Pending
CR4-44,20.00,,,Pending
CR4-45,20.00,,,Pending
CR4-46,20.00,,,Pending
CR4-47,20.00,,,Pending
CR4-48,20.00,,,Pending
CR4-49,20.00,,,Pending
CR4-50,20.00,,,Pending
CR4-51,20.00,,,Pending
CR4-52,20.00,,,Pending
CR4-53,20.00,,,Pending
CR4-54,20.00,,,Pending
CR4-55,20.00,,,Pending
CR4-56,20.00,,,Pending
CR4-57,20.00,,,Pending
CR4-58,20.00,,,Pending
CR4-59,20.00,,,Pending
CR4-60,20.00,,,Pending
CR4-61,20.00,,,Pending
CR4-62,20.00,,,Pending
CR4-63,20.00,,,Pending
CR4-64,20.00,,,Pending
CR4-65,20.00,,,Pending
CR4-66,20.00,,,Pending
CR4-67,20.00,,,Pending
CR4-68,20.00,,,Pending
CR4-69,20.00,,,Pending
CR4-70,20.00,,,Pending
CR4-71,20.00,,,Pending
CR4-72,20.00,,,Pending
CR4-73,20.00,,,Pending
CR4-74,20.00,,,Pending
CR4-75,20.00,,,Pending
CR4-76,20.00,,,Pending
CR4-77,20.00,,,Pending
CR4-78,20.00,,,Pending
CR4-79,20.00,,,Pending
CR4-80,20.00,,,Pending
CR4-81,20.00,,,Pending
CR4-82,20.00,,,Pending
CR4-83,20.00,,,Pending
CR4-84,20.00,,,Pending
CR4-85,20.00,,,Pending
CR4-86,20.00,,,Pending
CR4-87,20.00,,,Pending
CR4-88,20.00,,,Pending
CR4-89,20.00,,,Pending
CR4-90,20.00,,,Pending
CR4-91,20.00,,,Pending
CR4-92,20.00,,,Pending
CR4-93,20.00,,,Pending
CR4-94,20.00,,,Pending
CR4-95,20.00,,,Pending
CR4-96,20.00,,,Pending
CR4-97,20.00,,,Pending
CR4-98,20.00,,,Pending
CR4-99,20.00,,,Pending
CR4-100,20.00,,,Pending
MantleBeam4-1,20.00,,,Pending
MantleBeam4-2,20.00,,,Pending
MantleBeam4-3,20.00,,,Pending
MantleBeam4-4,20.00,,,Pending
MantleBeam4-5,20.00,,,Pending
MantleBeam4-6,20.00,,,Pending
MantleBeam4-7,20.00,,,Pending
MantleBeam4-8,20.00,,,Pending
MantleBeam4-9,20.00,,,Pending
MantleBeam4-10,20.00,,,Pending
MantleBeam4-11,20.00,,,Pending
MantleBeam4-12,20.00,,,Pending
MantleBeam4-13,20.00,,,Pending
MantleBeam4-14,20.00,,,Pending
MantleBeam4-15,20.00,,,Pending
MantleBeam4-16,20.00,,,Pending
MantleBeam4-17,20.00,,,Pending
MantleBeam4-18,20.00,,,Pending
MantleBeam4-19,20.00,,,Pending
MantleBeam4-20,20.00,,,Pending
MantleBeam4-21,20.00,,,Pending
MantleBeam4-22,20.00,,,Pending
MantleBeam4-23,20.00,,,Pending
MantleBeam4-24,20.00,,,Pending
MantleBeam4-25,20.00,,,Pending
MantleBeam4-26,20.00,,,Pending
MantleBeam4-27,20.00,,,Pending
MantleBeam4-28,20.00,,,Pending
MantleBeam4-29,20.00,,,Pending
MantleBeam4-30,20.00,,,Pending
MantleBeam4-31,20.00,,,Pending
MantleBeam4-32,20.00,,,Pending
MantleBeam4-33,20.00,,,Pending
MantleBeam4-34,20.00,,,Pending
MantleBeam4-35,20.00,,,Pending
MantleBeam4-36,20.00,,,Pending
MantleBeam4-37,20.00,,,Pending
MantleBeam4-38,20.00,,,Pending
MantleBeam4-39,20.00,,,Pending
MantleBeam4-40,20.00,,,Pending
MantleBeam4-41,20.00,,,Pending
MantleBeam4-42,20.00,,,Pending
MantleBeam4-43,20.00,,,Pending
MantleBeam4-44,20.00,,,Pending
MantleBeam4-45,20.00,,,Pending
MantleBeam4-46,20.00,,,Pending
MantleBeam4-47,20.00,,,Pending
MantleBeam4-48,20.00,,,Pending
MantleBeam4-49,20.00,,,Pending
MantleBeam4-50,20.00,,,Pending
MantleBeam4-51,20.00,,,Pending
MantleBeam4-52,20.00,,,Pending
MantleBeam4-53,20.00,,,Pending
MantleBeam4-54,20.00,,,Pending
MantleBeam4-55,20.00,,,Pending
MantleBeam4-56,20.00,,,Pending
MantleBeam4-57,20.00,,,Pending
MantleBeam4-58,20.00,,,Pending
MantleBeam4-59,20.00,,,Pending
MantleBeam4-60,20.00,,,Pending
MantleBeam4-61,20.00,,,Pending
MantleBeam4-62,20.00,,,Pending
MantleBeam4-63,20.00,,,Pending
MantleBeam4-64,20.00,,,Pending
MantleBeam4-65,20.00,,,Pending
MantleBeam4-66,20.00,,,Pending
MantleBeam4-67,20.00,,,Pending
MantleBeam4-68,20.00,,,Pending
MantleBeam4-69,20.00,,,Pending
MantleBeam4-70,20.00,,,Pending
MantleBeam4-71,20.00,,,Pending
MantleBeam4-72,20.00,,,Pending
MantleBeam4-73,20.00,,,Pending
MantleBeam4-74,20.00,,,Pending
MantleBeam4-75,20.00,,,Pending
MantleBeam4-76,20.00,,,Pending
MantleBeam4-77,20.00,,,Pending
MantleBeam4-78,20.00,,,Pending
MantleBeam4-79,20.00,,,Pending
MantleBeam4-80,20.00,,,Pending
MantleBeam4-81,20.00,,,Pending
MantleBeam4-82,20.00,,,Pending
MantleBeam4-83,20.00,,,Pending
MantleBeam4-84,20.00,,,Pending
MantleBeam4-85,20.00,,,Pending
MantleBeam4-86,20.00,,,Pending
MantleBeam4-87,20.00,,,Pending
MantleBeam4-88,20.00,,,Pending
MantleBeam4-89,20.00,,,Pending
MantleBeam4-90,20.00,,,Pending
MantleBeam4-91,20.00,,,Pending
MantleBeam4-92,20.00,,,Pending
MantleBeam4-93,20.00,,,Pending
MantleBeam4-94,20.00,,,Pending
MantleBeam4-95,20.00,,,Pending
MantleBeam4-96,20.00,,,Pending
MantleBeam4-97,20.00,,,Pending
MantleBeam4-98,20.00,,,Pending
MantleBeam4-99,20.00,,,Pending
MantleBeam4-100,20.00,,,Pending
MantleBeam2-1,20.00,,,Pending
MantleBeam2-2,20.00,,,Pending
MantleBeam2-3,20.00,,,Pending
MantleBeam2-4,20.00,,,Pending
MantleBeam2-5,20.00,,,Pending
MantleBeam2-6,20.00,,,Pending
MantleBeam2-7,20.00,,,Pending
MantleBeam2-8,20.00,,,Pending
MantleBeam2-9,20.00,,,Pending
MantleBeam2-10,20.00,,,Pending
MantleBeam2-11,20.00,,,Pending
MantleBeam2-12,20.00,,,Pending
MantleBeam2-13,20.00,,,Pending
MantleBeam2-14,20.00,,,Pending
MantleBeam2-15,20.00,,,Pending
MantleBeam2-16,20.00,,,Pending
MantleBeam2-17,20.00,,,Pending
MantleBeam2-18,20.00,,,Pending
MantleBeam2-19,20.00,,,Pending
MantleBeam2-20,20.00,,,Pending
MantleBeam2-21,20.00,,,Pending
MantleBeam2-22,20.00,,,Pending
MantleBeam2-23,20.00,,,Pending
MantleBeam2-24,20.00,,,Pending
MantleBeam2-25,20.00,,,Pending
MantleBeam2-26,20.00,,,Pending
MantleBeam2-27,20.00,,,Pending
MantleBeam2-28,20.00,,,Pending
MantleBeam2-29,20.00,,,Pending
MantleBeam2-30,20.00,,,Pending
MantleBeam2-31,20.00,,,Pending
MantleBeam2-32,20.00,,,Pending
MantleBeam2-33,20.00,,,Pending
MantleBeam2-34,20.00,,,Pending
MantleBeam2-35,20.00,,,Pending
MantleBeam2-36,20.00,,,Pending
MantleBeam2-37,20.00,,,Pending
MantleBeam2-38,20.00,,,Pending
MantleBeam2-39,20.00,,,Pending
MantleBeam2-40,20.00,,,Pending
MantleBeam2-41,20.00,,,Pending
MantleBeam2-42,20.00,,,Pending
MantleBeam2-43,20.00,,,Pending
MantleBeam2-44,20.00,,,Pending
MantleBeam2-45,20.00,,,Pending
MantleBeam2-46,20.00,,,Pending
MantleBeam2-47,20.00,,,Pending
MantleBeam2-48,20.00,,,Pending
MantleBeam2-49,20.00,,,Pending
MantleBeam2-50,20.00,,,Pending
MantleBeam2-51,20.00,,,Pending
MantleBeam2-52,20.00,,,Pending
MantleBeam2-53,20.00,,,Pending
MantleBeam2-54,20.00,,,Pending
MantleBeam2-55,20.00,,,Pending
MantleBeam2-56,20.00,,,Pending
MantleBeam2-57,20.00,,,Pending
MantleBeam2-58,20.00,,,Pending
MantleBeam2-59,20.00,,,Pending
MantleBeam2-60,20.00,,,Pending
MantleBeam2-61,20.00,,,Pending
MantleBeam2-62,20.00,,,Pending
MantleBeam2-63,20.00,,,Pending
MantleBeam2-64,20.00,,,Pending
MantleBeam2-65,20.00,,,Pending
MantleBeam2-66,20.00,,,Pending
MantleBeam2-67,20.00,,,Pending
MantleBeam2-68,20.00,,,Pending
MantleBeam2-69,20.00,,,Pending
MantleBeam2-70,20.00,,,Pending
MantleBeam2-71,20.00,,,Pending
MantleBeam2-72,20.00,,,Pending
MantleBeam2-73,20.00,,,Pending
MantleBeam2-74,20.00,,,Pending
MantleBeam2-75,20.00,,,Pending
MantleBeam2-76,20.00,,,Pending
MantleBeam2-77,20.00,,,Pending
MantleBeam2-78,20.00,,,Pending
MantleBeam2-79,20.00,,,Pending
MantleBeam2-80,20.00,,,Pending
MantleBeam2-81,20.00,,,Pending
MantleBeam2-82,20.00,,,Pending
MantleBeam2-83,20.00,,,Pending
MantleBeam2-84,20.00,,,Pending
MantleBeam2-85,20.00,,,Pending
MantleBeam2-86,20.00,,,Pending
MantleBeam2-87,20.00,,,Pending
MantleBeam2-88,20.00,,,Pending
MantleBeam2-89,20.00,,,Pending
MantleBeam2-90,20.00,,,Pending
MantleBeam2-91,20.00,,,Pending
MantleBeam2-92,20.00,,,Pending
MantleBeam2-93,20.00,,,Pending
MantleBeam2-94,20.00,,,Pending
MantleBeam2-95,20.00,,,Pending
MantleBeam2-96,20.00,,,Pending
MantleBeam2-97,20.00,,,Pending
MantleBeam2-98,20.00,,,Pending
MantleBeam2-99,20.00,,,Pending
MantleBeam2-100,20.00,,,Pending
MantleBeam2Copy-1,20.00,,,Pending
MantleBeam2Copy-2,20.00,,,Pending
MantleBeam2Copy-3,20.00,,,Pending
MantleBeam2Copy-4,20.00,,,Pending
MantleBeam2Copy-5,20.00,,,Pending
MantleBeam2Copy-6,20.00,,,Pending
MantleBeam2Copy-7,20.00,,,Pending
MantleBeam2Copy-8,20.00,,,Pending
MantleBeam2Copy-9,20.00,,,Pending
MantleBeam2Copy-10,20.00,,,Pending
MantleBeam2Copy-11,20.00,,,Pending
MantleBeam2Copy-12,20.00,,,Pending
MantleBeam2Copy-13,20.00,,,Pending
MantleBeam2Copy-14,20.00,,,Pending
MantleBeam2Copy-15,20.00,,,Pending
MantleBeam2Copy-16,20.00,,,Pending
MantleBeam2Copy-17,20.00,,,Pending
MantleBeam2Copy-18,20.00,,,Pending
MantleBeam2Copy-19,20.00,,,Pending
MantleBeam2Copy-20,20.00,,,Pending
MantleBeam2Copy-21,20.00,,,Pending
MantleBeam2Copy-22,20.00,,,Pending
MantleBeam2Copy-23,20.00,,,Pending
MantleBeam2Copy-24,20.00,,,Pending
MantleBeam2Copy-25,20.00,,,Pending
MantleBeam2Copy-26,20.00,,,Pending
MantleBeam2Copy-27,20.00,,,Pending
MantleBeam2Copy-28,20.00,,,Pending
MantleBeam2Copy-29,20.00,,,Pending
MantleBeam2Copy-30,20.00,,,Pending
MantleBeam2Copy-31,20.00,,,Pending
MantleBeam2Copy-32,20.00,,,Pending
MantleBeam2Copy-33,20.00,,,Pending
MantleBeam2Copy-34,20.00,,,Pending
MantleBeam2Copy-35,20.00,,,Pending
MantleBeam2Copy-36,20.00,,,Pending
MantleBeam2Copy-37,20.00,,,Pending
MantleBeam2Copy-38,20.00,,,Pending
MantleBeam2Copy-39,20.00,,,Pending
MantleBeam2Copy-40,20.00,,,Pending
MantleBeam2Copy-41,20.00,,,Pending
MantleBeam2Copy-42,20.00,,,Pending
MantleBeam2Copy-43,20.00,,,Pending
MantleBeam2Copy-44,20.00,,,Pending
MantleBeam2Copy-45,20.00,,,Pending
MantleBeam2Copy-46,20.00,,,Pending
MantleBeam2Copy-47,20.00,,,Pending
MantleBeam2Copy-48,20.00,,,Pending
MantleBeam2Copy-49,20.00,,,Pending
MantleBeam2Copy-50,20.00,,,Pending
MantleBeam2Copy-51,20.00,,,Pending
MantleBeam2Copy-52,20.00,,,Pending
MantleBeam2Copy-53,20.00,,,Pending
MantleBeam2Copy-54,20.00,,,Pending
MantleBeam2Copy-55,20.00,,,Pending
MantleBeam2Copy-56,20.00,,,Pending
MantleBeam2Copy-57,20.00,,,Pending
MantleBeam2Copy-58,20.00,,,Pending
MantleBeam2Copy-59,20.00,,,Pending
MantleBeam2Copy-60,20.00,,,Pending
MantleBeam2Copy-61,20.00,,,Pending
MantleBeam2Copy-62,20.00,,,Pending
MantleBeam2Copy-63,20.00,,,Pending
MantleBeam2Copy-64,20.00,,,Pending
MantleBeam2Copy-65,20.00,,,Pending
MantleBeam2Copy-66,20.00,,,Pending
MantleBeam2Copy-67,20.00,,,Pending
MantleBeam2Copy-68,20.00,,,Pending
MantleBeam2Copy-69,20.00,,,Pending
MantleBeam2Copy-70,20.00,,,Pending
MantleBeam2Copy-71,20.00,,,Pending
MantleBeam2Copy-72,20.00,,,Pending
MantleBeam2Copy-73,20.00,,,Pending
MantleBeam2Copy-74,20.00,,,Pending
MantleBeam2Copy-75,20.00,,,Pending
MantleBeam2Copy-76,20.00,,,Pending
MantleBeam2Copy-77,20.00,,,Pending
MantleBeam2Copy-78,20.00,,,Pending
MantleBeam2Copy-79,20.00,,,Pending
MantleBeam2Copy-80,20.00,,,Pending
MantleBeam2Copy-81,20.00,,,Pending
MantleBeam2Copy-82,20.00,,,Pending
MantleBeam2Copy-83,20.00,,,Pending
MantleBeam2Copy-84,20.00,,,Pending
MantleBeam2Copy-85,20.00,,,Pending
MantleBeam2Copy-86,20.00,,,Pending
MantleBeam2Copy-87,20.00,,,Pending
MantleBeam2Copy-88,20.00,,,Pending
MantleBeam2Copy-89,20.00,,,Pending
MantleBeam2Copy-90,20.00,,,Pending
MantleBeam2Copy-91,20.00,,,Pending
MantleBeam2Copy-92,20.00,,,Pending
MantleBeam2Copy-93,20.00,,,Pending
MantleBeam2Copy-94,20.00,,,Pending
MantleBeam2Copy-95,20.00,,,Pending
MantleBeam2Copy-96,20.00,,,Pending
MantleBeam2Copy-97,20.00,,,Pending
MantleBeam2Copy-98,20.00,,,Pending
MantleBeam2Copy-99,20.00,,,Pending
MantleBeam2Copy-100,20.00,,,Pending
MantleBeam1-1,20.00,,,Pending
MantleBeam1-2,20.00,,,Pending
MantleBeam1-3,20.00,,,Pending
MantleBeam1-4,20.00,,,Pending
MantleBeam1-5,20.00,,,Pending
MantleBeam1-6,20.00,,,Pending
MantleBeam1-7,20.00,,,Pending
MantleBeam1-8,20.00,,,Pending
MantleBeam1-9,20.00,,,Pending
MantleBeam1-10,20.00,,,Pending
MantleBeam1-11,20.00,,,Pending
MantleBeam1-12,20.00,,,Pending
MantleBeam1-13,20.00,,,Pending
MantleBeam1-14,20.00,,,Pending
MantleBeam1-15,20.00,,,Pending
MantleBeam1-16,20.00,,,Pending
MantleBeam1-17,20.00,,,Pending
MantleBeam1-18,20.00,,,Pending
MantleBeam1-19,20.00,,,Pending
MantleBeam1-20,20.00,,,Pending
MantleBeam1-21,20.00,,,Pending
MantleBeam1-22,20.00,,,Pending
MantleBeam1-23,20.00,,,Pending
MantleBeam1-24,20.00,,,Pending
MantleBeam1-25,20.00,,,Pending
MantleBeam1-26,20.00,,,Pending
MantleBeam1-27,20.00,,,Pending
MantleBeam1-28,20.00,,,Pending
MantleBeam1-29,20.00,,,Pending
MantleBeam1-30,20.00,,,Pending
MantleBeam1-31,20.00,,,Pending
MantleBeam1-32,20.00,,,Pending
MantleBeam1-33,20.00,,,Pending
MantleBeam1-34,20.00,,,Pending
MantleBeam1-35,20.00,,,Pending
MantleBeam1-36,20.00,,,Pending
MantleBeam1-37,20.00,,,Pending
MantleBeam1-38,20.00,,,Pending
MantleBeam1-39,20.00,,,Pending
MantleBeam1-40,20.00,,,Pending
MantleBeam1-41,20.00,,,Pending
MantleBeam1-42,20.00,,,Pending
MantleBeam1-43,20.00,,,Pending
MantleBeam1-44,20.00,,,Pending
MantleBeam1-45,20.00,,,Pending
MantleBeam1-46,20.00,,,Pending
MantleBeam1-47,20.00,,,Pending
MantleBeam1-48,20.00,,,Pending
MantleBeam1-49,20.00,,,Pending
MantleBeam1-50,20.00,,,Pending
MantleBeam1-51,20.00,,,Pending
MantleBeam1-52,20.00,,,Pending
MantleBeam1-53,20.00,,,Pending
MantleBeam1-54,20.00,,,Pending
MantleBeam1-55,20.00,,,Pending
MantleBeam1-56,20.00,,,Pending
MantleBeam1-57,20.00,,,Pending
MantleBeam1-58,20.00,,,Pending
MantleBeam1-59,20.00,,,Pending
MantleBeam1-60,20.00,,,Pending
MantleBeam1-61,20.00,,,Pending
MantleBeam1-62,20.00,,,Pending
MantleBeam1-63,20.00,,,Pending
MantleBeam1-64,20.00,,,Pending
MantleBeam1-65,20.00,,,Pending
MantleBeam1-66,20.00,,,Pending
MantleBeam1-67,20.00,,,Pending
MantleBeam1-68,20.00,,,Pending
MantleBeam1-69,20.00,,,Pending
MantleBeam1-70,20.00,,,Pending
MantleBeam1-71,20.00,,,Pending
MantleBeam1-72,20.00,,,Pending
MantleBeam1-73,20.00,,,Pending
MantleBeam1-74,20.00,,,Pending
MantleBeam1-75,20.00,,,Pending
MantleBeam1-76,20.00,,,Pending
MantleBeam1-77,20.00,,,Pending
MantleBeam1-78,20.00,,,Pending
MantleBeam1-79,20.00,,,Pending
MantleBeam1-80,20.00,,,Pending
MantleBeam1-81,20.00,,,Pending
MantleBeam1-82,20.00,,,Pending
MantleBeam1-83,20.00,,,Pending
MantleBeam1-84,20.00,,,Pending
MantleBeam1-85,20.00,,,Pending
MantleBeam1-86,20.00,,,Pending
MantleBeam1-87,20.00,,,Pending
MantleBeam1-88,20.00,,,Pending
MantleBeam1-89,20.00,,,Pending
MantleBeam1-90,20.00,,,Pending
MantleBeam1-91,20.00,,,Pending
MantleBeam1-92,20.00,,,Pending
MantleBeam1-93,20.00,,,Pending
MantleBeam1-94,20.00,,,Pending
MantleBeam1-95,20.00,,,Pending
MantleBeam1-96,20.00,,,Pending
MantleBeam1-97,20.00,,,Pending
MantleBeam1-98,20.00,,,Pending
MantleBeam1-99,20.00,,,Pending
MantleBeam1-100,20.00,,,Pending
MantleBeam5-1,20.00,,,Pending
MantleBeam5-2,20.00,,,Pending
MantleBeam5-3,20.00,,,Pending
MantleBeam5-4,20.00,,,Pending
MantleBeam5-5,20.00,,,Pending
MantleBeam5-6,20.00,,,Pending
MantleBeam5-7,20.00,,,Pending
MantleBeam5-8,20.00,,,Pending
MantleBeam5-9,20.00,,,Pending
MantleBeam5-10,20.00,,,Pending
MantleBeam5-11,20.00,,,Pending
MantleBeam5-12,20.00,,,Pending
MantleBeam5-13,20.00,,,Pending
MantleBeam5-14,20.00,,,Pending
MantleBeam5-15,20.00,,,Pending
MantleBeam5-16,20.00,,,Pending
MantleBeam5-17,20.00,,,Pending
MantleBeam5-18,20.00,,,Pending
MantleBeam5-19,20.00,,,Pending
MantleBeam5-20,20.00,,,Pending
MantleBeam5-21,20.00,,,Pending
MantleBeam5-22,20.00,,,Pending
MantleBeam5-23,20.00,,,Pending
MantleBeam5-24,20.00,,,Pending
MantleBeam5-25,20.00,,,Pending
MantleBeam5-26,20.00,,,Pending
MantleBeam5-27,20.00,,,Pending
MantleBeam5-28,20.00,,,Pending
MantleBeam5-29,20.00,,,Pending
MantleBeam5-30,20.00,,,Pending
MantleBeam5-31,20.00,,,Pending
MantleBeam5-32,20.00,,,Pending
MantleBeam5-33,20.00,,,Pending
MantleBeam5-34,20.00,,,Pending
MantleBeam5-35,20.00,,,Pending
MantleBeam5-36,20.00,,,Pending
MantleBeam5-37,20.00,,,Pending
MantleBeam5-38,20.00,,,Pending
MantleBeam5-39,20.00,,,Pending
MantleBeam5-40,20.00,,,Pending
MantleBeam5-41,20.00,,,Pending
MantleBeam5-42,20.00,,,Pending
MantleBeam5-43,20.00,,,Pending
MantleBeam5-44,20.00,,,Pending
MantleBeam5-45,20.00,,,Pending
MantleBeam5-46,20.00,,,Pending
MantleBeam5-47,20.00,,,Pending
MantleBeam5-48,20.00,,,Pending
MantleBeam5-49,20.00,,,Pending
MantleBeam5-50,20.00,,,Pending
MantleBeam5-51,20.00,,,Pending
MantleBeam5-52,20.00,,,Pending
MantleBeam5-53,20.00,,,Pending
MantleBeam5-54,20.00,,,Pending
MantleBeam5-55,20.00,,,Pending
MantleBeam5-56,20.00,,,Pending
MantleBeam5-57,20.00,,,Pending
MantleBeam5-58,20.00,,,Pending
MantleBeam5-59,20.00,,,Pending
MantleBeam5-60,20.00,,,Pending
MantleBeam5-61,20.00,,,Pending
MantleBeam5-62,20.00,,,Pending
MantleBeam5-63,20.00,,,Pending
MantleBeam5-64,20.00,,,Pending
MantleBeam5-65,20.00,,,Pending
MantleBeam5-66,20.00,,,Pending
MantleBeam5-67,20.00,,,Pending
MantleBeam5-68,20.00,,,Pending
MantleBeam5-69,20.00,,,Pending
MantleBeam5-70,20.00,,,Pending
MantleBeam5-71,20.00,,,Pending
MantleBeam5-72,20.00,,,Pending
MantleBeam5-73,20.00,,,Pending
MantleBeam5-74,20.00,,,Pending
MantleBeam5-75,20.00,,,Pending
MantleBeam5-76,20.00,,,Pending
MantleBeam5-77,20.00,,,Pending
MantleBeam5-78,20.00,,,Pending
MantleBeam5-79,20.00,,,Pending
MantleBeam5-80,20.00,,,Pending
MantleBeam5-81,20.00,,,Pending
MantleBeam5-82,20.00,,,Pending
MantleBeam5-83,20.00,,,Pending
MantleBeam5-84,20.00,,,Pending
MantleBeam5-85,20.00,,,Pending
MantleBeam5-86,20.00,,,Pending
MantleBeam5-87,20.00,,,Pending
MantleBeam5-88,20.00,,,Pending
MantleBeam5-89,20.00,,,Pending
MantleBeam5-90,20.00,,,Pending
MantleBeam5-91,20.00,,,Pending
MantleBeam5-92,20.00,,,Pending
MantleBeam5-93,20.00,,,Pending
MantleBeam5-94,20.00,,,Pending
MantleBeam5-95,20.00,,,Pending
MantleBeam5-96,20.00,,,Pending
MantleBeam5-97,20.00,,,Pending
MantleBeam5-98,20.00,,,Pending
MantleBeam5-99,20.00,,,Pending
MantleBeam5-100,20.00,,,Pending
MantleBeam1OLD-1,20.00,,,Pending
MantleBeam1OLD-2,20.00,,,Pending
MantleBeam1OLD-3,20.00,,,Pending
MantleBeam1OLD-4,20.00,,,Pending
MantleBeam1OLD-5,20.00,,,Pending
MantleBeam1OLD-6,20.00,,,Pending
MantleBeam1OLD-7,20.00,,,Pending
MantleBeam1OLD-8,20.00,,,Pending
MantleBeam1OLD-9,20.00,,,Pending
MantleBeam1OLD-10,20.00,,,Pending
MantleBeam1OLD-11,20.00,,,Pending
MantleBeam1OLD-12,20.00,,,Pending
MantleBeam1OLD-13,20.00,,,Pending
MantleBeam1OLD-14,20.00,,,Pending
MantleBeam1OLD-15,20.00,,,Pending
MantleBeam1OLD-16,20.00,,,Pending
MantleBeam1OLD-17,20.00,,,Pending
MantleBeam1OLD-18,20.00,,,Pending
MantleBeam1OLD-19,20.00,,,Pending
MantleBeam1OLD-20,20.00,,,Pending
MantleBeam1OLD-21,20.00,,,Pending
MantleBeam1OLD-22,20.00,,,Pending
MantleBeam1OLD-23,20.00,,,Pending
MantleBeam1OLD-24,20.00,,,Pending
MantleBeam1OLD-25,20.00,,,Pending
MantleBeam1OLD-26,20.00,,,Pending
MantleBeam1OLD-27,20.00,,,Pending
MantleBeam1OLD-28,20.00,,,Pending
MantleBeam1OLD-29,20.00,,,Pending
MantleBeam1OLD-30,20.00,,,Pending
MantleBeam1OLD-31,20.00,,,Pending
MantleBeam1OLD-32,20.00,,,Pending
MantleBeam1OLD-33,20.00,,,Pending
MantleBeam1OLD-34,20.00,,,Pending
MantleBeam1OLD-35,20.00,,,Pending
MantleBeam1OLD-36,20.00,,,Pending
MantleBeam1OLD-37,20.00,,,Pending
MantleBeam1OLD-38,20.00,,,Pending
MantleBeam1OLD-39,20.00,,,Pending
MantleBeam1OLD-40,20.00,,,Pending
MantleBeam1OLD-41,20.00,,,Pending
MantleBeam1OLD-42,20.00,,,Pending
MantleBeam1OLD-43,20.00,,,Pending
MantleBeam1OLD-44,20.00,,,Pending
MantleBeam1OLD-45,20.00,,,Pending
MantleBeam1OLD-46,20.00,,,Pending
MantleBeam1OLD-47,20.00,,,Pending
MantleBeam1OLD-48,20.00,,,Pending
MantleBeam1OLD-49,20.00,,,Pending
MantleBeam1OLD-50,20.00,,,Pending
MantleBeam1OLD-51,20.00,,,Pending
MantleBeam1OLD-52,20.00,,,Pending
MantleBeam1OLD-53,20.00,,,Pending
MantleBeam1OLD-54,20.00,,,Pending
MantleBeam1OLD-55,20.00,,,Pending
MantleBeam1OLD-56,20.00,,,Pending
MantleBeam1OLD-57,20.00,,,Pending
MantleBeam1OLD-58,20.00,,,Pending
MantleBeam1OLD-59,20.00,,,Pending
MantleBeam1OLD-60,20.00,,,Pending
MantleBeam1OLD-61,20.00,,,Pending
MantleBeam1OLD-62,20.00,,,Pending
MantleBeam1OLD-63,20.00,,,Pending
MantleBeam1OLD-64,20.00,,,Pending
MantleBeam1OLD-65,20.00,,,Pending
MantleBeam1OLD-66,20.00,,,Pending
MantleBeam1OLD-67,20.00,,,Pending
MantleBeam1OLD-68,20.00,,,Pending
MantleBeam1OLD-69,20.00,,,Pending
MantleBeam1OLD-70,20.00,,,Pending
MantleBeam1OLD-71,20.00,,,Pending
MantleBeam1OLD-72,20.00,,,Pending
MantleBeam1OLD-73,20.00,,,Pending
MantleBeam1OLD-74,20.00,,,Pending
MantleBeam1OLD-75,20.00,,,Pending
MantleBeam1OLD-76,20.00,,,Pending
MantleBeam1OLD-77,20.00,,,Pending
MantleBeam1OLD-78,20.00,,,Pending
MantleBeam1OLD-79,20.00,,,Pending
MantleBeam1OLD-80,20.00,,,Pending
MantleBeam1OLD-81,20.00,,,Pending
MantleBeam1OLD-82,20.00,,,Pending
MantleBeam1OLD-83,20.00,,,Pending
MantleBeam1OLD-84,20.00,,,Pending
MantleBeam1OLD-85,20.00,,,Pending
MantleBeam1OLD-86,20.00,,,Pending
MantleBeam1OLD-87,20.00,,,Pending
MantleBeam1OLD-88,20.00,,,Pending
MantleBeam1OLD-89,20.00,,,Pending
MantleBeam1OLD-90,20.00,,,Pending
MantleBeam1OLD-91,20.00,,,Pending
MantleBeam1OLD-92,20.00,,,Pending
MantleBeam1OLD-93,20.00,,,Pending
MantleBeam1OLD-94,20.00,,,Pending
MantleBeam1OLD-95,20.00,,,Pending
MantleBeam1OLD-96,20.00,,,Pending
MantleBeam1OLD-97,20.00,,,Pending
MantleBeam1OLD-98,20.00,,,Pending
MantleBeam1OLD-99,20.00,,,Pending
MantleBeam1OLD-100,20.00,,,Pending
CR2-1,20.00,,,Pending
CR2-2,20.00,,,Pending
CR2-3,20.00,,,Pending
CR2-4,20.00,,,Pending
CR2-5,20.00,,,Pending
CR2-6,20.00,,,Pending
CR2-7,20.00,,,Pending
CR2-8,20.00,,,Pending
CR2-9,20.00,,,Pending
CR2-10,20.00,,,Pending
CR2-11,20.00,,,Pending
CR2-12,20.00,,,Pending
CR2-13,20.00,,,Pending
CR2-14,20.00,,,Pending
CR2-15,20.00,,,Pending
CR2-16,20.00,,,Pending
CR2-17,20.00,,,Pending
CR2-18,20.00,,,Pending
CR2-19,20.00,,,Pending
CR2-20,20.00,,,Pending
CR2-21,20.00,,,Pending
CR2-22,20.00,,,Pending
CR2-23,20.00,,,Pending
CR2-24,20.00,,,Pending
CR2-25,20.00,,,Pending
CR2-26,20.00,,,Pending
CR2-27,20.00,,,Pending
CR2-28,20.00,,,Pending
CR2-29,20.00,,,Pending
CR2-30,20.00,,,Pending
CR2-31,20.00,,,Pending
CR2-32,20.00,,,Pending
CR2-33,20.00,,,Pending
CR2-34,20.00,,,Pending
CR2-35,20.00,,,Pending
CR2-36,20.00,,,Pending
CR2-37,20.00,,,Pending
CR2-38,20.00,,,Pending
CR2-39,20.00,,,Pending
CR2-40,20.00,,,Pending
CR2-41,20.00,,,Pending
CR2-42,20.00,,,Pending
CR2-43,20.00,,,Pending
CR2-44,20.00,,,Pending
CR2-45,20.00,,,Pending
CR2-46,20.00,,,Pending
CR2-47,20.00,,,Pending
CR2-48,20.00,,,Pending
CR2-49,20.00,,,Pending
CR2-50,20.00,,,Pending
CR2-51,20.00,,,Pending
CR2-52,20.00,,,Pending
CR2-53,20.00,,,Pending
CR2-54,20.00,,,Pending
CR2-55,20.00,,,Pending
CR2-56,20.00,,,Pending
CR2-57,20.00,,,Pending
CR2-58,20.00,,,Pending
CR2-59,20.00,,,Pending
CR2-60,20.00,,,Pending
CR2-61,20.00,,,Pending
CR2-62,20.00,,,Pending
CR2-63,20.00,,,Pending
CR2-64,20.00,,,Pending
CR2-65,20.00,,,Pending
CR2-66,20.00,,,Pending
CR2-67,20.00,,,Pending
CR2-68,20.00,,,Pending
CR2-69,20.00,,,Pending
CR2-70,20.00,,,Pending
CR2-71,20.00,,,Pending
CR2-72,20.00,,,Pending
CR2-73,20.00,,,Pending
CR2-74,20.00,,,Pending
CR2-75,20.00,,,Pending
CR2-76,20.00,,,Pending
CR2-77,20.00,,,Pending
CR2-78,20.00,,,Pending
CR2-79,20.00,,,Pending
CR2-80,20.00,,,Pending
CR2-81,20.00,,,Pending
CR2-82,20.00,,,Pending
CR2-83,20.00,,,Pending
CR2-84,20.00,,,Pending
CR2-85,20.00,,,Pending
CR2-86,20.00,,,Pending
CR2-87,20.00,,,Pending
CR2-88,20.00,,,Pending
CR2-89,20.00,,,Pending
CR2-90,20.00,,,Pending
CR2-91,20.00,,,Pending
CR2-92,20.00,,,Pending
CR2-93,20.00,,,Pending
CR2-94,20.00,,,Pending
CR2-95,20.00,,,Pending
CR2-96,20.00,,,Pending
CR2-97,20.00,,,Pending
CR2-98,20.00,,,Pending
CR2-99,20.00,,,Pending
CR2-100,20.00,,,Pending
