Date,Reviewer,Rating,Product,Review
26 May 2026,Becky,5/5,Floating Oak Shelf,Great product delivered on time
26 May 2026,Lorraine,5/5,Coat Rack with Shelf,Delighted with my new wooden shelf. Very good quality and arrived as expected. Would buy again.
23 May 2026,Sarah,5/5,Mantel Beam,Beautifully finished oak mantle. Excellent communication helping us colour match with our oak doors.
22 May 2026,Jayne,5/5,Fireplace Beam Mantel,"Will look great as a mantle to my fireplace, this is the second one I have purchased."
18 May 2026,Rebecca,5/5,Fireplace Beam Mantel,Fantastic beam that arrived on time and is high quality.
17 May 2026,Annie,5/5,Fireplace Surround,Absolutely love our fireplace surround. Quality is high end and it arrived really quickly. Looks stunning!
13 May 2026,Tristan,5/5,Floating Oak Shelf,Item exactly as described and very good quality. Will buy from again.
12 May 2026,JS,5/5,Coat Rack with Shelf,"Arrived as stated. Great build quality, materials, spec and packaging. Excellent communication from seller."
5 May 2026,Amanda,4/5,Coat Rack with Shelf,"Well made, arrived within timescale. Coat hooks were thinner than expected."
1 May 2026,Richard,1/5,Fireplace Surround,4 weeks late on delivery rubbish
30 Apr 2026,Vivienne,5/5,Coat Rack with Shelf,Beautifully crafted and can’t wait to get this fixed... it’s even better in real life.
29 Apr 2026,Lisa,5/5,Floating Shelf,"Highly recommend, excellent quality, good communication"
29 Apr 2026,Joseph,5/5,Mantel Beam,Beautiful product. 100% would recommend
29 Apr 2026,Laura,5/5,Fireplace Beam Mantel,"Seller is a great communicator! Absolutely love the mantle! Great quality, beautiful wood!"
29 Apr 2026,Joe,5/5,Fireplace Surround,Great communication with seller. Made fire surround to my exact dimensions. Great quality and well packaged.
28 Apr 2026,Dawn,5/5,Coat Rack with Shelf,"Excellent quality, I’m really pleased with this item. Exactly what I wanted"
27 Apr 2026,Beverley,5/5,Mantel Beam,They were super helpful with my questions
26 Apr 2026,Sarah,5/5,Coat Rack with Shelf,Very nice quality shelves and very easy to install
25 Apr 2026,Stephanie,5/5,Mantel Beam,This is the second one purchased. Stunning quality. Easy to attach.
24 Apr 2026,Zoe,5/5,Fireplace Beam Mantel,The item was as described. We love it!
23 Apr 2026,Marta,5/5,Coat Rack with Shelf,Everything’s OK. Thank you so much
23 Apr 2026,B,1/5,Coat Rack with Shelf,Cheap plastic hooks. They’ll need replacing.
23 Apr 2026,B,1/5,Coat Rack Rail,Cheap plastic hooks. Broken on arrival.
23 Apr 2026,Antonella,5/5,Fireplace Surround,Excellent quality looks brilliant up
22 Apr 2026,Emily,5/5,Coat Rack with Shelf,Helpful and accommodating seller. Item high quality and as described
18 Apr 2026,Etsy buyer,5/5,Coat Rack Rail,"Excellent quality, tailored to my needs, very helpful service. Love it!"
17 Apr 2026,Ellie,5/5,Floating Oak Shelf,Love these shelves! Such great quality. Shop were helpful in advising which stain to go for.
17 Apr 2026,Etsy buyer,5/5,Mantel Beam,"Seller was amazing, I had missed some messages from them and they accommodated me brilliantly."
14 Apr 2026,Marina,5/5,Floating Shelf,Excellent quality oak shelf. Cut to size for us on request. Well packaged and speedy delivery.
12 Apr 2026,Gwen,5/5,Coat Rack with Shelf,Not as heavy as I thought but very nicely made. Really good quality and matched the description.
12 Apr 2026,Steve,5/5,Fireplace Surround,Our oak fire place surround arrived and we were over the moon. Exactly what we wanted.
12 Apr 2026,Judie,5/5,Coat Rack with Shelf,The quality is incredible and the craftsmanship. I ended up buying another one for my utility room.
10 Apr 2026,James,5/5,Coat Rack with Shelf,"Great quality, as described. Timely arrival well packaged with wall fixings included."
10 Apr 2026,Gold,5/5,Coat Rack with Shelf,"Good communication, lovely product, would order from this supplier again."
10 Apr 2026,Nagila,5/5,Coat Rack with Shelf,The product is as described and great quality overall. I love it!
9 Apr 2026,Joanne,5/5,Coat Rack with Shelf,Beautiful and very sturdy shelf!
7 Apr 2026,Mirjam,5/5,Oak Door Stop,"Good quality, would gladly buy again."
7 Apr 2026,Grace,5/5,Fireplace Beam Mantel,Seller was adaptable to my holiday and the product is great quality!
7 Apr 2026,Daniela,5/5,Fireplace Beam Mantel,I requested special measurements and they made them for me.
4 Apr 2026,Keith,5/5,Fireplace Beam Mantel,Excellent product from an excellent company
3 Apr 2026,Tina,5/5,Coat Rack with Shelf,Great quality and just as described
3 Apr 2026,Jim,5/5,Mantel Beam,Mantel was made to my bespoke requirements and everything fitted perfectly. Lovely piece at a good price.
2 Apr 2026,Sandra,5/5,Mantel Beam,"Very high quality wood, the item was as requested and matched the description. It exceeded my expectations."
2 Apr 2026,Julian,5/5,Coat Rack with Shelf,The photo doesn’t do it justice; looks better in reality.
1 Apr 2026,Alex,5/5,Coat Rack with Shelf,Wonderful item! Arrived carefully wrapped with super fast shipping. All fixings included.
26 Mar 2026,Kirsty,5/5,Coat Rack with Shelf,"Stunning, love this product. Looks amazing and the quality is great."
26 Mar 2026,Faye,5/5,Fireplace Beam Mantel,The mantlepiece is beautiful. I made a mistake in the ordering process and they soon got in touch to query.
25 Mar 2026,Carol,5/5,Fireplace Surround,"Beautiful, it has beautiful tree knots and beautiful work, so happy!"
25 Mar 2026,Marcus,5/5,Coat Rack Set of 2,Perfectly as described and pictured.
23 Mar 2026,Julie,5/5,Coat Rack with Shelf,Arrived on time. Lovely item.
23 Mar 2026,Chris,5/5,Fireplace Surround,"Thoroughly beautiful fire surround, wonderfully crafted from high quality materials. 10/10."
23 Mar 2026,Alison,5/5,Floating Oak Shelf,"Great quality and solid shelves, perfect fit."
18 Mar 2026,Susie,5/5,Coat Rack with Shelf,Exactly what I wanted. It looks very good in my hallway.
18 Mar 2026,N,5/5,Coat Rack Set of 2,"Beautiful shelves, really well made."
16 Mar 2026,Joan,5/5,Mantel Beam,"Absolutely delighted with the mantle. Beautiful crafted piece of oak, excellent quality."
14 Mar 2026,Lisa,5/5,Floating Shelf,Shelves are chunky and sturdy. Cut to the exact size we requested. Communication was excellent.
13 Mar 2026,Krzysztof,5/5,Mantle Beam,High quality perfect item matched description.
13 Mar 2026,Jenny,5/5,Floating Oak Shelf,Really finishes off our living room.
12 Mar 2026,Anne,5/5,Coat Rack Set of 2,Thrilled with my order. Really good quality items that exceeded my expectations.
12 Mar 2026,Catherine,5/5,Coat Rack with Shelf,Beautifully crafted piece. Going to look perfect in my hallway.
12 Mar 2026,Annette,5/5,Floating Shelf,Lovely solid shelves. Previously bought an oak beam and wanted shelves to match.
11 Mar 2026,michelle,5/5,Coat Rack with Shelf,"Beautiful coat hanger and beautiful quality, absolutely love it. Very well packed."
11 Mar 2026,Etsy buyer,5/5,Fireplace Beam Mantel,So pleased with my item
10 Mar 2026,Karen,5/5,Mantel Beam,Over the moon with the mantle. Excellent quality and great company to deal with.
