Date,Reviewer,Rating,Product,Review
"May 26, 2026",Becky,5/5,Floating Oak Shelf,Great product delivered on time
"May 26, 2026",Lorraine,5/5,Coat Rack with Shelf,"Delighted with my new wooden shelf. Very good quality and arrived as expected. Would buy again."
"May 13, 2026",Tristan,5/5,Floating Oak Shelf,"Item exactly as described and very good quality. Will buy from again."
"May 12, 2026",JS,5/5,Coat Rack with Shelf,"Great build quality, materials, spec and packaging. Excellent communication from seller."
"May 5, 2026",Amanda,4/5,Coat Rack with Shelf,"Well made, arrived within timescale. Coat hooks were thinner than expected."
"Apr 28, 2026",Dawn,5/5,Coat Rack with Shelf,"Excellent quality, exactly what I wanted"
"May 23, 2026",Sarah,5/5,Mantel Beam,"Beautifully finished oak mantle. Excellent communication helping us colour match."
"May 22, 2026",Jayne,5/5,Fireplace Beam Mantel,"Will look great as a mantle, this is the second one I have purchased."
"May 18, 2026",Rebecca,5/5,Fireplace Beam Mantel,"Fantastic beam that arrived on time and is high quality."
"May 17, 2026",Annie,5/5,Fireplace Surround,"Absolutely love our fireplace surround. Quality is high end, arrived really quickly."
"May 1, 2026",Richard,1/5,Fireplace Surround,4 weeks late on delivery rubbish
"Apr 30, 2026",Vivienne,5/5,Coat Rack with Shelf,"Beautifully crafted, even better in real life."
"Apr 29, 2026",Lisa,5/5,Floating Shelf,"Excellent quality, good communication"
"Apr 29, 2026",Joseph,5/5,Mantel Beam,"Beautiful product, 100% would recommend"
"Apr 29, 2026",Laura,5/5,Fireplace Beam Mantel,"Great communicator! Great quality, beautiful wood!"
"Apr 29, 2026",Joe,5/5,Fireplace Surround,"Made to exact dimensions. Great quality and well packaged."
"Apr 27, 2026",Beverley,5/5,Mantel Beam,Super helpful with my questions
"Apr 26, 2026",Sarah,5/5,Coat Rack with Shelf,"Very nice quality shelves, very easy to install"
"Apr 25, 2026",Stephanie,5/5,Mantel Beam,Second one purchased. Stunning quality. Easy to attach.
"Apr 24, 2026",Zoe,5/5,Fireplace Beam Mantel,Item was as described. We love it!
"Apr 23, 2026",Marta,5/5,Coat Rack with Shelf,Everything's OK. Thank you so much
"Apr 23, 2026",B,1/5,Coat Rack with Shelf,Cheap plastic hooks. They'll need replacing.
"Apr 23, 2026",B,1/5,Coat Rack Rail,Cheap plastic hooks. Broken on arrival.
"Apr 23, 2026",Antonella,5/5,Fireplace Surround,Excellent quality looks brilliant up
"Apr 22, 2026",Emily,5/5,Coat Rack with Shelf,Helpful and accommodating seller. Item high quality.
"Apr 18, 2026",Etsy buyer,5/5,Coat Rack Rail,"Excellent quality, tailored to my needs, very helpful service."
"Apr 17, 2026",Ellie,5/5,Floating Oak Shelf,"Love these shelves! Great quality. Shop were helpful advising which stain."
"Apr 17, 2026",Etsy buyer,5/5,Mantel Beam,"Seller was amazing, accommodated me brilliantly."
"Apr 14, 2026",Marina,5/5,Floating Shelf,"Excellent quality. Cut to size on request. Well packaged and speedy delivery."
"Apr 12, 2026",Gwen,5/5,Coat Rack with Shelf,"Really good quality, matched the description."
"Apr 12, 2026",Steve,5/5,Fireplace Surround,"Exactly what we wanted, fittings included."
"Apr 12, 2026",Judie,5/5,Coat Rack with Shelf,Incredible quality and craftsmanship. Ended up buying another one.
"Apr 10, 2026",James,5/5,Coat Rack with Shelf,"Great quality, as described. Timely arrival, well packaged."
"Apr 10, 2026",Gold,5/5,Coat Rack with Shelf,"Good communication, lovely product."
"Apr 10, 2026",Nágila,5/5,Coat Rack with Shelf,Product is as described and great quality.
"Apr 9, 2026",Joanne,5/5,Coat Rack with Shelf,Beautiful and very sturdy shelf!
"Apr 7, 2026",Mirjam,5/5,Oak Door Stop,"Good quality, would gladly buy again."
"Apr 7, 2026",Grace,5/5,Fireplace Beam Mantel,Seller was adaptable, product is great quality!
"Apr 7, 2026",Daniela,5/5,Fireplace Beam Mantel,Requested special measurements and they made them.
"Apr 4, 2026",Keith,5/5,Fireplace Beam Mantel,Excellent product from an excellent company
"Apr 3, 2026",Tina,5/5,Oak Coat Rack with Shelf,Great quality and just as described
"Apr 3, 2026",Jim,5/5,Mantel Beam,"Made to bespoke requirements, fitted perfectly. Lovely piece at a good price."
"Apr 2, 2026",Sandra,5/5,Mantel Beam,"Very high quality wood, exceeded my expectations."
"Apr 2, 2026",Julian,5/5,Coat Rack with Shelf,Looks better in reality than the photo.
"Apr 1, 2026",Alex,5/5,Coat Rack with Shelf,"Wonderful item! Fast shipping, all fixings included."
"Mar 26, 2026",Kirsty,5/5,Coat Rack with Shelf,"Stunning, love this product. Quality is great."
"Mar 26, 2026",Faye,5/5,Fireplace Beam Mantel,The mantlepiece is beautiful. They queried my ordering mistake.
"Mar 25, 2026",Carol,5/5,Fireplace Surround,Beautiful tree knots and beautiful work.
"Mar 25, 2026",Marcus,5/5,Coat Rack Set of 2,Perfectly as described and pictured.
"Mar 23, 2026",Julie,5/5,Coat Rack with Shelf,Arrived on time. Lovely item.
"Mar 23, 2026",Chris,5/5,Fireplace Surround,"Thoroughly beautiful fire surround, wonderfully crafted. 10/10."
"Mar 23, 2026",Alison,5/5,Floating Oak Shelf,"Great quality and solid shelves, perfect fit."
"Mar 18, 2026",Susie,5/5,Coat Rack with Shelf,Exactly what I wanted. Looks very good.
"Mar 18, 2026",N,5/5,Coat Rack Set of 2,"Beautiful shelves, really well made."
"Mar 16, 2026",Joan,5/5,Mantel Beam,"Absolutely delighted. Beautiful crafted piece, excellent quality."
"Mar 14, 2026",Lisa,5/5,Floating Shelf,"Chunky and sturdy. Cut to exact size. Excellent communication."
"Mar 13, 2026",Krzysztof,5/5,Mantle Beam,"High quality, matched description."
"Mar 13, 2026",Jenny,5/5,Floating Oak Shelf,Really finishes off our living room.
"Mar 12, 2026",Anne,5/5,Coat Rack Set of 2,Exceeded my expectations
"Mar 12, 2026",Catherine,5/5,Coat Rack with Shelf,Beautifully crafted piece.
"Mar 12, 2026",Annette,5/5,Floating Shelf,"Lovely solid shelves. Previously bought a beam and wanted shelves to match."
"Mar 11, 2026",michelle,5/5,Coat Rack with Shelf,"Beautiful quality, very well packed."
"Mar 11, 2026",Etsy buyer,5/5,Fireplace Beam Mantel,So pleased with my item
"Mar 10, 2026",Karen,5/5,Mantel Beam,"Over the moon. Excellent quality, arrived well packed and on time."
